Date,Mkt-RF,SMB,HML,NoDur,Durbl,Manuf,Enrgy,HiTec,Telcm,Shops,Hlth,Utils,Other
196307,-2,-0.29,0.75,-0.49,-0.22,-1.41,2.29,-0.69,-0.23,-1.03,0.56,0.8,-1.61
196308,-0.39,-0.49,-0.94,4.89,6.55,6.2,3.93,5.14,4.29,6.43,9.56,4.2,5.49
196309,5.07,-1.02,1.82,-1.69,-0.24,-0.76,-3.64,0.13,2.36,0.97,-4.06,-2.5,-3.16
196310,-1.57,-0.31,0.17,2.65,9.72,2.58,-0.32,8.29,3.4,0.52,3.38,-0.67,1.38
196311,2.53,-0.57,-0.04,-1.13,-4.84,0.3,-1.15,-0.29,4.16,-1.23,-1.65,-1.02,0.23
196312,-0.85,-1.15,1.7,2.81,0.27,1.91,4.65,3.05,-0.14,0.34,1.54,2.42,2.8
196401,1.83,-2.01,-0.06,0.79,1.19,2.69,4.84,2.91,3.35,2.51,3.68,1.4,1.24
196402,2.24,-0.18,1.53,1.87,2.14,2.76,1.06,1.96,-0.28,1.62,1.66,0.87,5.45
196403,1.54,0.08,2.86,3.08,0.93,3.7,1.4,3.38,-0.94,2.43,-1.94,-0.75,2.18
196404,1.41,0.94,3.37,-0.48,1.93,-1.72,4.02,-3.63,0.81,2.86,-1.42,1.06,0.26
196405,0.1,-1.32,-0.66,1.56,1.12,1.77,2.14,2.74,-0.4,3.89,0.53,0.84,2.42
196406,1.42,-0.94,1.99,1.61,0.67,0.92,0.65,0.52,4.76,3.82,0.59,2.2,1.36
196407,1.27,-0.27,0.72,1.8,5.28,1.34,3.34,-1.8,-1.99,1.23,4.76,4.91,1.34
196408,1.74,0.26,0.73,-0.26,1.33,-1.25,-1.86,-2.75,-1.53,0.34,-4.22,-0.01,-3.13
196409,-1.44,0.11,0.07,1.7,5.04,4.77,3.08,1.15,-1.02,3.48,2.73,1.87,4.05
196410,2.69,-0.53,1.72,-0.19,0.25,0.3,3.06,-0.99,-0.89,2.32,2.88,0.95,1.84
196411,0.59,0.42,1.15,0.7,-1.38,-0.52,2.55,-0.23,-2.23,3.27,2.17,1.37,-1.8
196412,0,0.6,-1.95,0.21,1.67,-0.82,-0.24,-0.01,3.1,0.18,4.38,0.5,-1.78
196501,0.03,-0.26,-2.52,6.1,3.76,5.52,0.51,7.46,0.27,3.06,7.66,3.96,4.72
196502,3.54,2.72,0.16,1.62,-0.69,2.51,-3.36,2.2,0.79,1.37,2.42,0.43,2.58
196503,0.44,3.5,0.16,-0.77,1.39,-1.16,-3.03,-0.48,-1.68,-0.85,-0.92,-0.52,-0.27
196504,-1.34,1.81,1.05,4.21,7.04,4.02,0.86,5.14,2.3,6.82,2.98,0.65,2.16
196505,3.11,1.2,0.68,-0.77,-3.53,-0.52,0.86,0.48,2.79,0.18,-1.24,-0.97,-1.68
196506,-0.77,0.06,-1.63,-5.13,-6.83,-6.21,-1.98,-5.71,-4.14,-6.19,-5.31,-3.66,-6.97
196507,-5.51,-4.36,0.56,1.61,2.3,2.06,1.81,3.6,-0.38,-1.41,3.95,1.06,3.4
196508,1.43,0.87,2.18,4.11,3.21,3.64,1.56,5.88,1.33,2.28,6.29,0.92,5.07
196509,2.73,2.81,-0.96,0.48,6.97,3.9,4.37,5.29,1.09,-0.68,2.24,1.39,1.8
196510,2.86,0.62,-0.09,2.66,6.34,4.45,1.84,5.22,-2.29,0.26,3.23,1.05,4.26
196511,2.6,2.47,1.54,1.12,-4.03,1.39,0.71,2.73,-4.32,1.36,3.8,-1,3.88
196512,-0.03,4.68,0.21,1.24,1.23,3.25,0.17,-1.54,-0.86,1.33,3.83,-0.31,3.47
196601,1.01,2.08,1.96,1.92,0.49,2.89,1.04,1.35,-1.3,-4.37,2.74,-3.02,5.25
196602,0.72,3.88,3.51,-0.47,-1.5,-0.73,-3.47,5.03,0.48,-1.87,-1.55,-4.17,2.09
196603,-1.21,4.54,0.27,-2.68,-3.06,-1.79,-2.23,-0.9,-4.84,-2.14,-1.6,-0.14,-2.84
196604,-2.51,0.94,-2.07,0.43,0.11,2.79,3.13,7.65,1.26,3.07,-0.02,1.19,3.04
196605,2.14,3.45,-0.54,-4.91,-8.11,-5.61,-3.74,-6.05,-2.98,-2.86,-5.26,-2.73,-7.87
196606,-5.66,-4.68,-1.57,-1.82,-2.11,-0.98,-2.28,-0.13,0.49,-2.37,0.99,-1.78,0.74
196607,-1.44,1.02,0.5,-1.21,-2.44,-1.51,0.4,-1.76,-1.17,-1.97,-1.72,-0.18,-2.05
196608,-1.63,-0.46,0.99,-7.11,-7.47,-7.92,-6.36,-5.98,-4.6,-6.41,-8.07,-8.59,-11.75
196609,-7.91,-3.22,0.44,-1.48,-1.04,-3.6,3.94,-1.9,-0.57,-1.96,-1.13,4.36,-1.86
196610,-1.06,-1.06,0.49,4.5,0.57,2.5,8.47,0.3,9.19,-1.43,4.87,9.94,3.12
196611,3.86,-6.62,2.86,2.33,-3.51,2.69,-1.14,10.88,-2.84,0.73,6.89,-1.36,7.95
196612,1.4,4.23,-4.53,0.22,-2.61,1.37,-0.66,0.41,2.98,-4.09,-0.17,2.1,2.09
196701,0.13,1.95,-1.28,9.42,12.19,11.19,3.59,10.2,6.23,11.81,6.41,2.84,11.97
196702,8.15,8.25,2.45,2,-1.01,1.19,-0.07,6.17,2.15,3.2,1.42,-1.72,-0.24
196703,0.78,3.31,-2.15,4.45,4.27,5.76,3.61,5.44,2.94,2.39,7.83,1.53,4.18
196704,3.99,1.54,0.46,4.59,10.83,3.71,1.67,7.73,0.19,9.18,4.46,1.88,2.22
196705,3.89,0.63,-2.52,-2.63,-7.28,-3.64,-2.42,-4.44,-5.67,-4.66,-5.29,-4.11,-1.89
196706,-4.33,1.95,0.99,2.65,1.52,2.09,2.28,6.32,2.72,3.83,5.38,-1.31,3.78
196707,2.41,5.95,0.95,6.03,10.71,5.08,6.92,3.92,-6.62,5.99,3.79,2.33,7.85
196708,4.58,3.02,2.8,-0.84,0.08,-0.48,-1.46,-1.01,-1.25,0.49,0.66,-0.65,-0.31
196709,-0.89,0.47,1.39,3.13,4.98,3.08,4.21,8.36,1.2,2.27,2.89,-0.09,1.35
196710,3.11,3.11,-2.48,-2.66,-4.88,-4.44,-0.99,4.8,-3.49,0.67,-5.01,-5.36,-5.23
196711,-3.09,1.42,-3.38,0.56,-0.69,0.67,0.78,1.37,0.09,0.81,1.33,3.17,-0.4
196712,0.37,0.21,-1.7,3.2,0.88,5.21,3.09,2.19,0.13,3.44,1.62,3.28,5.49
196801,3.05,5.74,-0.45,-0.58,-5.16,-6.47,-0.89,-8.69,2.69,1.12,-6.57,0.2,-1.84
196802,-4.06,3.88,4.79,-2.67,-2.31,-4.28,-2.65,-4.55,-2.4,-0.78,-4.24,-1.48,-3.56
196803,-3.75,-2.96,1.18,0.74,0.52,0.79,0.76,4.16,-1.12,2.89,0.1,-3.93,-0.09
196804,0.2,-1.28,-0.62,11.09,12.01,10.64,5.68,12.38,2.22,12.34,11.9,2.49,12.1
196805,9.05,5.77,-1.14,5.02,-0.37,3.17,1.26,3.81,-0.74,3.5,3.34,0.45,6.25
196806,2.28,6.42,0.86,1.19,-1.65,-0.28,1.81,-2,4.15,0.41,2.25,8.44,2.99
196807,0.69,-0.18,0.68,-3.9,-2.85,-4.29,5.28,-5.6,-0.19,-5.07,-4.1,0.17,-2.76
196808,-2.72,-1.3,5.41,2.81,1.16,3.28,1.28,0.53,1.26,2.25,0.68,-0.87,2.82
196809,1.34,2.35,1.01,4.86,6.87,4.51,3.53,2.95,2.95,7.88,0.85,0.27,9.17
196810,4.03,2.76,0.33,0.87,4.7,0.94,2.55,-4.99,3.17,0.74,-0.05,0.49,1.1
196811,0.42,-0.48,2.85,4.66,-0.42,5.81,5.56,8.62,5.39,5.09,8.1,8.79,7.63
196812,5.43,2.35,-0.9,-1.04,-4.42,-3.52,-2.56,-5.37,-6.64,-4.1,-1.03,-2.88,-3.75
196901,-3.94,3.43,0,-1.2,-1.87,-0.35,-1.12,-4.68,1.2,-1.04,-0.23,2.41,0.88
196902,-1.25,-0.77,1.66,-6.59,-3.37,-5.84,-4.6,-3.58,-3.32,-4.09,-5.14,-5.2,-8.35
196903,-5.84,-3.9,0.86,0.76,5,2.53,7.09,5.46,-0.42,5.14,3.34,-1.29,0.75
196904,2.64,-0.26,-0.52,1.03,1.3,1.31,-0.35,3.91,7.73,3.71,4.98,1.34,1.81
196905,1.46,-0.87,-0.03,1.19,-0.02,-0.87,3.69,-1.7,1.06,0.57,1.66,0.02,-1.11
196906,-0.1,-0.26,0.71,-7.33,-5.97,-6.8,-9.92,-0.13,-3.98,-5.4,-5.03,-5.74,-10.67
196907,-7.18,-5.39,-1.1,-6.93,-7,-5.58,-9.63,-5.42,-4.49,-8.53,-2.73,-2.98,-9.13
196908,-7,-3.2,1.22,5,3,4.12,6.58,7.03,1.66,8.17,9.2,-1.29,9.02
196909,4.68,0.93,-3.83,0.26,-0.39,-2.1,-9.63,0.21,-4,-0.62,2.17,-4.14,-0.74
196910,-2.98,1.18,-3.27,8.35,3.87,6.6,-1.06,5.8,3.5,6.7,8.97,8.28,7.93
196911,5.06,3.84,-3.04,-2.4,-4.43,-3.57,-4.51,-1.79,1.18,-4.25,0.34,-5.26,-5.54
196912,-3.79,-2.54,-1.15,-1.96,-3.43,-1.28,-3.01,-0.75,-5.51,-3.03,4.3,-0.65,-3.75
197001,-2.63,-3.65,-3,-4.3,-8.24,-7.21,-11.44,-9.07,-2.56,-5.91,-7.11,-4.23,-8.81
197002,-8.1,2.91,3.15,4.72,5.86,4.81,5.38,2.95,7.95,5.29,5.57,8.36,9.4
197003,5.13,-2.41,4.02,-0.86,4.98,-0.5,-0.43,-2.58,2.29,-1.7,-5.1,2.91,-1.91
197004,-1.06,-2.32,4.09,-10.2,-8.77,-9.04,-9.15,-14.34,-8.79,-11.25,-10.12,-8.06,-13.7
197005,-11,-6.09,6.21,-7.51,-6.23,-7.75,2.63,-9.54,-3.74,-9.63,-7.74,-5.36,-8.31
197006,-6.92,-4.54,3.43,-1.57,-3.8,-4.72,-2.46,-11.76,-8.48,-4.01,-0.48,-4.7,-6.82
197007,-5.79,-2.14,0.6,6.69,10.32,4.95,12.77,2.41,10.27,10.59,2.14,8.71,8.02
197008,6.93,-0.55,1.01,1.5,8.29,4.54,6.53,7.99,2.5,5.22,1.8,4.67,5.03
197009,4.49,1.53,1.02,5.63,2.81,4.04,3.27,10.17,-0.93,7.96,8.01,-0.54,7.61
197010,4.18,8.56,-5.63,0.65,-2.06,-3.14,2.97,-3.54,-3.75,-1.63,0.31,-0.8,-5.89
197011,-2.28,-4.28,0.25,4.8,6.84,3.93,4.89,4.08,6.11,6.84,2.97,9.39,3.74
197012,4.6,-4.07,1.67,7.45,6.27,8.03,2.28,4.43,6.85,5.35,5.34,7.13,8.37
197101,5.72,3,0.86,4.92,3.76,6.02,0.39,5.44,9.75,8.26,4.92,2.95,7.79
197102,4.84,7.37,1.33,3.79,2.24,1.22,4.73,2.78,-5.3,3.68,1.31,-2.58,2.22
197103,1.41,1.86,-1.22,4.47,3.48,4.23,2.71,8.08,0.73,6.75,3.68,2.39,5.94
197104,4.13,2.5,-4.06,2.21,8.56,4.44,4.34,2.37,0.82,4.99,4.23,-3.54,4.34
197105,3.15,-0.5,0.71,-3.05,-4.35,-2.21,-4.68,-6.11,-5.21,-1.9,-2.13,-3.69,-4.53
197106,-3.98,-1.11,-1.48,-0.12,-0.52,0.44,1.04,-2.17,1.05,0.44,2.05,4.29,-1.32
197107,-0.1,-1.43,-1.82,-2.13,-5.28,-5.03,-2.15,-8.6,-3.69,-3.56,-2.17,-2.15,-3.86
197108,-4.5,-1.5,0.17,3.13,10.53,6.49,-1.16,5.7,-0.24,6.21,3.15,-2.33,6.98
197109,3.79,-0.18,2.56,-0.05,-0.05,-0.24,-1.67,-1.56,0.27,0.68,0.66,-1.49,-0.42
197110,-0.85,0.43,-2.89,-4.33,-5.06,-6.03,-4.3,-4.37,-1.83,-3.39,-2.47,2.04,-4.21
197111,-4.42,-1.8,-0.37,-0.38,0.17,-0.93,0.02,1.77,0.43,0.25,0.69,-1.22,-0.27
197112,-0.46,-2.8,-1.73,10.52,6.21,10.04,8.83,11.28,7.55,10.29,7.79,8.12,8.22
197201,8.71,3.29,-0.41,2.51,3.38,3.36,0.16,8.42,1.01,0.26,2.63,-0.32,3.36
197202,2.49,6.07,1.93,4.64,0.57,4.86,2.61,1.88,0.24,5.59,7.12,-2.5,2.25
197203,2.87,1.4,-2.8,0.09,4.29,2.52,-5.45,1.09,-0.33,2.03,0.46,-0.14,2.29
197204,0.63,-0.3,-1.68,1.9,-0.59,1.87,-0.66,0.74,-1.06,-0.6,1.1,-2.8,1.79
197205,0.29,0.01,0.24,0.4,-1.2,2.09,3.62,3.71,1.24,1.47,3.71,-0.17,-0.63
197206,1.25,-2.74,-2.73,-1.11,-2.92,-2.21,-0.98,-2.55,-2.64,-3.95,2.54,-1.56,-4.51
197207,-2.43,0.34,-2.6,-1.61,-2,0.45,-1.09,0.95,0.74,-2.47,3.1,0.05,-2.96
197208,-0.8,-2.86,0.71,-0.1,3.75,2.21,12.41,2.86,5.18,-0.4,1.05,5.95,3.55
197209,3.26,-4.07,4.64,-2.6,-0.92,-1.18,-0.21,-1.16,4.27,-0.56,-0.43,0.18,-1.74
197210,-1.14,-2.67,0.51,0.02,-2.35,1.07,3.12,-3.3,2.27,0.9,1.5,6.77,1.12
197211,0.52,-2.72,1.3,6.87,8.1,4.23,6.19,2.5,7.04,5.96,-0.53,6.39,5.12
197212,4.6,-1.12,4.82,0.53,1.74,0.82,1.05,1.99,1.45,1.84,3.73,-1.54,-0.76
197301,0.62,-1.87,-2.24,-4.71,-6.69,-3.64,5.02,1.92,-2.12,-4.28,-1.18,-4.28,-7.47
197302,-3.29,-3.47,2.67,-4.36,-6.03,-2.17,-7.36,-3.03,-4.64,-6.44,-0.71,-1.98,-6.09
197303,-4.85,-3.99,1.71,-1.04,-2.85,-0.42,3.12,-1.23,0.53,-5.71,0.78,-2.16,-0.29
197304,-1.3,-2.81,2.73,-6.29,-5.1,-4.56,-1.03,-6.7,0.86,-8.38,-5.48,-0.58,-7.79
197305,-5.68,-3.96,5.62,-2.12,-4.3,-1.24,-3.45,-2.59,-0.84,-2.17,1.07,0.36,-5.03
197306,-2.94,-6.13,0.25,-3.48,-2.61,-0.44,1.61,-0.09,-0.32,-5.74,0.02,-2.47,-0.28
197307,-1.56,-2.93,1.37,7.5,7.2,6.57,0.34,4.98,-0.31,11.02,6.87,-2.39,9.58
197308,5.05,7.97,-5.32,-3.33,-3.91,-1.62,-3.74,-3.68,-3.93,-4.23,-6.91,-2.09,-2.23
197309,-3.82,-2.12,1.32,5.85,7.85,4.58,9.27,-2.8,7.67,7.44,0.79,7.9,7.2
197310,4.75,3.07,2.01,-2.33,-4.5,0.27,5.22,3.85,-5.54,-3.51,1.83,-3.38,-1.05
197311,-0.83,-0.4,2.03,-14.32,-16.19,-14.49,-6.17,-11.46,-1.94,-18.72,-7.77,-11.61,-13.45
197312,-12.75,-7.65,3.91,-1.62,-3.77,1.01,8.6,-4.32,4.54,-0.4,-4.48,3.41,2.48
197401,0.61,-5.25,3.9,2.37,6.28,0.41,-7.52,1.25,2.01,6.81,-2.52,4.55,1.12
197402,-0.17,9.66,5.99,0.04,-0.99,-0.11,-1.48,-0.6,4.76,0.93,-1.23,0.27,1.02
197403,-0.47,-0.13,2.86,-1.84,0.03,-0.89,-3.33,-2.76,-4.59,-3.32,1.21,-3.63,-3.64
197404,-2.81,2.59,-0.28,-3.74,-3.94,-2.39,-6.3,-3.68,-5.31,-1.97,-1.48,-12.19,-6.4
197405,-5.29,-0.71,0.95,-2.84,0.52,-2.09,-7.48,-4.26,-1.52,1.16,-0.12,-4.89,-8.41
197406,-4.68,-3.03,-2.08,-0.58,-2.71,-0.3,-0.27,-2.95,0.3,-2.72,-1.62,-6.17,-5.5
197407,-2.83,-0.16,0.78,-10.2,-11.74,-7.29,-0.65,-8.45,-7.63,-12.89,-14.06,0.79,-6.65
197408,-8.05,0.92,5.14,-10.26,-6.7,-10.21,-8.54,-4.9,-0.04,-13.04,-8.11,-8.62,-10.62
197409,-9.35,-0.68,2.5,-12.13,-12.76,-12.54,-7.87,-16.88,-3.81,-12.02,-15.55,-1.34,-9.59
197410,-11.77,0.27,5.49,15.63,4.1,16.26,20.97,14.83,10.85,10.23,29.52,13,20.23
197411,16.1,-3.51,-9.99,-3.84,-4.67,-6.16,-4.18,-4.92,-3.09,-5.73,-1.2,-0.15,-2.75
197412,-4.51,-1.17,-0.16,-0.6,-3.86,-4.46,0.79,-5.3,1.57,-3.41,-3.37,-0.83,-4.35
197501,-3.45,-4.84,0,18.85,21.31,14.47,6.51,15.29,11.1,25.86,-0.61,18.84,17.82
197502,13.66,11.01,8.44,4.1,4.58,8.12,2.28,13.21,5.16,5,16.04,0.92,2.84
197503,5.56,0.16,-4.56,7.08,6.69,5.07,-2.2,1,-0.85,10.48,1.28,-1.34,4.1
197504,2.66,3.75,2.49,3.11,4,9.45,7.26,5.54,-0.95,2.59,0.72,-1.58,3.3
197505,4.23,-0.54,-1.11,5.18,2.62,2.6,12.35,5.86,3.52,4.23,6.48,8.45,5.7
197506,5.19,3.83,-4.02,5.39,10.2,3.64,6.24,2.27,4.07,7.52,0.91,10.77,5.94
197507,4.83,0.76,1.32,-5.38,-2.06,-5.85,-4.18,-9.4,-4.22,-7.45,-12.03,-4.78,-6.12
197508,-6.59,2.69,1.7,-3.14,-3.43,-0.88,-0.94,-2.97,-3.59,-0.25,-3.34,-1.3,-5.12
197509,-2.85,-3.2,-0.95,-2.51,-2.56,-5.65,-1.15,-0.84,-1.25,-3.5,-6.54,-0.97,-6.3
197510,-4.26,-0.12,0.34,10.56,8.87,5.65,-1.39,8.38,6.82,9.8,10.68,6.51,3.89
197511,5.31,-4.04,0.34,4.07,3.4,3.18,-1.63,5.02,4.26,4.42,5.12,3.12,3.57
197512,2.64,-1.19,1.96,-1.51,-0.39,-1.4,0.06,-1.25,-0.1,-3.03,-6.36,1.33,-0.29
197601,-1.6,-0.75,1.74,11.02,15.59,16.8,8.36,18.31,9.5,9.06,7.78,8.37,12.92
197602,12.16,4.82,8.65,-1.06,3.89,1.89,-3.15,1.2,3.56,4.54,-6.52,-3.53,3.12
197603,0.32,7.03,5.85,0.73,3.63,0.77,7.27,2.97,0.59,3.46,6.52,1.42,1.94
197604,2.32,-1.15,-0.08,-1.7,1.89,-1.4,2.12,-3.4,1.72,-4.65,-4.31,0.65,-1.56
197605,-1.49,-0.03,-0.14,-2.17,-3.18,-1.24,5.49,0.53,-2.95,-5.65,-2.81,-1.38,-1.67
197606,-1.34,-1.25,-1.3,3.65,4.26,3.96,5.07,8.21,3.58,1.38,3.66,4.27,5.4
197607,4.05,-1.35,0.65,1.5,-1.07,-1.88,-0.66,-2.21,1.24,-2.22,-0.38,2.82,-0.05
197608,-1.07,0.29,1.69,-0.31,-1.43,-1.57,-0.88,-0.84,4.73,2.98,2.17,2.93,-1.13
197609,-0.56,-2.02,0.81,1.54,4.52,0.91,5.98,2.89,1.61,0.37,3.62,4.1,0.94
197610,2.07,0,-0.24,-1.6,-1.18,-3.55,-2.41,-4.5,1.27,-0.91,-3.75,-0.84,-0.46
197611,-2.42,0.25,-0.15,1.74,-0.75,-0.53,0.86,1.66,3.15,4.9,-9.69,3.16,2.05
197612,0.36,2.32,1.51,5.23,9.7,6.08,6.27,3.84,3.46,2.32,6.26,6.53,8.39
197701,5.65,3,2.2,-4.07,-4.14,-5.84,0.25,-3.88,0.1,-6.99,-8.82,0.8,-4.15
197702,-4.05,4.77,4.25,-1.39,-3.49,-0.72,-2.95,-0.65,0.97,-1.87,-0.21,-3.4,-1.75
197703,-1.94,1.08,0.52,-1.4,-3.37,-0.15,-2.08,-0.04,-1.03,-2.71,-1.79,0.15,-0.11
197704,-1.37,1,1.06,0.53,3.19,0.57,2.57,-3.45,0.67,-3.43,-5.2,1.95,2.15
197705,0.15,-0.11,3.44,-0.94,-0.5,-2.7,-0.4,-1.47,1.43,-2.76,-1.88,1.67,-0.84
197706,-1.45,1.17,0.84,4.52,4.32,3.37,6.06,7.78,1.96,6.02,9.04,5.72,5.34
197707,4.71,2.14,-0.68,1.2,-2.43,-3.51,-1.84,-0.16,-0.86,-0.19,-2.24,0.87,-0.36
197708,-1.69,2.11,-0.6,0.11,-0.87,-1.13,-5.72,0.49,-2.26,4.64,3.79,-3.25,-1.24
197709,-1.75,1.52,-2.76,0.25,1.6,-0.97,0.78,-1.79,3.47,-0.64,-0.84,2.01,-0.07
197710,-0.27,1.45,-0.51,-3.34,-4.46,-4.38,-3.58,-3.19,-5.06,-3.08,-1.68,-3.14,-4.43
197711,-4.38,1.26,1.73,4.62,1.95,4.18,3.45,5.22,2.21,5.45,6.02,4.3,6.46
197712,4,3.72,0.29,-0.02,-0.65,0.85,1.85,2.4,2.16,-1.33,0.59,-0.32,0.64
197801,0.27,1.35,-0.38,-5.29,-6.86,-5.94,-6.9,-4.73,-4.16,-6.85,-1.86,-4.57,-5.32
197802,-6.01,2.21,3.31,0.13,0.41,-2.45,-1.1,-3.48,4.12,-0.43,-3,-0.4,-0.16
197803,-1.38,3.59,0.71,4.15,6.11,3.83,2.03,-0.69,2.63,2.77,4.16,2.48,5.43
197804,2.85,3.48,1.23,6.89,9.68,11.41,6.76,13.31,2.96,10.89,9.2,0.23,9.34
197805,7.88,0.41,-3.56,4.24,0.13,4.28,0.81,1.62,-0.39,1.26,5.25,0.71,2.55
197806,1.76,4.56,-0.59,-0.27,-2.86,-1.52,-3.73,-0.36,-1.53,-1.95,1.1,0.82,-0.27
197807,-1.69,1.69,0.55,3.56,4.63,7.66,3.44,8.58,1.43,5.07,8.87,2.82,6.57
197808,5.11,0.26,-1.08,4.13,2.88,3.89,5.13,6.02,3.57,5.56,1,0.47,6.34
197809,3.75,5.06,-0.57,-0.37,-0.45,-2.08,4.76,-4.16,1.21,-2.59,-2.75,-0.26,-1.25
197810,-1.43,-0.4,1.87,-11.58,-11.18,-11.4,-10.61,-10.82,-4.53,-14.05,-12.84,-7.08,-14.07
197811,-11.91,-9.88,1.4,2.2,0.78,3.04,6.21,5.08,3.01,2.58,5.18,3.01,2.51
197812,2.71,3.01,-2.19,1.74,-0.56,1.51,2.95,6.44,0.1,-0.61,3.42,-1.23,1.32
197901,0.88,1.25,-2.17,4.21,4.99,6.26,3.19,4.31,3.64,5.64,1.42,6.35,6.09
197902,4.23,3.66,2.29,-3.5,-3.54,-4.47,0.64,-3.31,-0.63,-4.33,-4.52,-1.62,-3.26
197903,-3.56,0.45,1.16,4.13,6.6,7.28,9.3,7.61,0.16,5.96,5.05,2.35,8.15
197904,5.68,3.19,-0.69,0.22,2.99,-0.35,4.31,0.33,-2.13,0.69,0.42,-2.72,1.53
197905,-0.06,2.18,1,-1.77,-0.79,-2.29,-2.31,-1.98,0.09,-2.55,-2.64,1.39,-0.32
197906,-2.21,0.16,1.3,3.28,2.99,3.48,9.2,0.49,1.95,2.95,4.83,4.99,7.01
197907,3.85,1.17,1.45,2.07,2.05,2.08,1.7,-1.52,-0.11,1.15,0.14,2.12,3.3
197908,0.82,1.26,1.75,7.55,4.71,7.51,7.96,5.94,1.57,8.81,8.54,2.05,5.84
197909,5.53,2.09,-1.52,-1.91,0.43,-0.74,5.84,-1.76,-2.39,-0.78,-0.54,-2.14,-0.68
197910,-0.82,-0.25,-0.87,-7.68,-9.43,-8.85,-2.39,-7.73,-5.03,-8.8,-4.34,-5.8,-10.15
197911,-8.1,-3.35,-1.81,5.16,-2.35,4.94,8.91,8.17,4.06,3.95,8.75,7.79,7.01
197912,5.21,2.76,-3.38,3.37,3.38,4.37,2.68,1.79,-1.53,2.98,2.08,-0.92,4.14
198001,1.79,4.19,-2.04,3.12,9.05,7.02,14.16,7.37,-2.05,0.92,-1.29,1.6,5.51
198002,5.51,1.65,1.72,-4.79,-6.31,-2.65,12.59,-3.56,-1.48,-4.82,-4.63,-3.36,-3.33
198003,-1.22,-1.83,0.66,-8.16,-8.74,-11.68,-17.79,-12.67,-2.64,-8.52,-2.84,-6.67,-12.24
198004,-12.9,-6.65,-1.02,6.52,-1.91,3.25,6.85,0.72,7.3,3.43,4.28,11.96,6.05
198005,3.97,0.96,1.01,7.89,4.31,6.18,4.05,4.82,5.02,10.7,6.96,4.61,8.11
198006,5.26,2.16,0.38,2.99,2.78,2.41,5.81,3.03,-0.59,2.39,0.21,4.54,5.16
198007,3.06,1.66,-0.85,7.76,11.75,10.76,1.67,15.48,1.02,10.65,8.89,-0.12,6.64
198008,6.49,4.25,-6.29,1.45,1.46,1.73,3.79,3.68,6.31,1.99,0.3,-1.08,2.67
198009,1.8,3.91,-2.64,0.2,0.97,3.03,6.8,2.01,-1.59,1.12,3.6,0.17,3.65
198010,2.19,0.87,-4.77,0.28,-1.73,0.37,8,1.94,-3.24,-1.57,-1.29,2.01,1.56
198011,1.06,2.48,-2.77,0.92,4.77,8.57,24.56,9.8,0.01,2.96,8.81,7.51,7.38
198012,9.59,-3.46,-8.36,1.04,-1.16,-2.12,-10.88,-1.17,0.82,-1.45,4.61,-2.02,-0.72
198101,-4.52,-0.27,2.73,2,-2.2,-2.04,-10.36,-8.08,5.53,0.43,-1.57,-2.72,-2.56
198102,-5.04,3.01,6.83,2.49,6.4,4.4,-0.47,0.49,2.15,2.82,1.85,-1.32,1.7
198103,0.57,-0.32,1,6.93,7.07,5.88,-2.49,5.01,1.16,12.7,5.87,2.96,8.45
198104,3.56,3.58,0.69,1.16,1.81,-0.84,-7.45,0.15,6.21,2.98,3,-2.58,0.93
198105,-2.11,4.42,2.29,2.64,2.89,-0.31,-4.01,4.23,7.14,2.73,3.47,1.95,2.51
198106,0.11,2,-0.47,-0.2,-4.21,-1.38,4.75,-6.66,-1.91,-1.59,-5.58,3.45,-0.97
198107,-2.36,-0.83,5.1,-0.65,-2.97,-2.73,7.86,-3.78,0.37,-3.2,-3.89,2.8,-2.69
198108,-1.54,-2.18,-0.68,-5.11,-7.84,-6.87,-6.4,-7.27,-0.8,-5.28,-7.75,-0.84,-5.49
198109,-7.04,-1.96,4.84,-2.18,-2.97,-7.03,-12.3,-3.89,2.81,-3.75,-1.33,-5.56,-5.46
198110,-7.17,-2.66,5.2,7.51,-4.14,3.76,10,5.15,6.03,6.87,7.95,4.87,7.15
198111,4.92,2.14,-4.22,2.69,4.82,4.3,6.86,1.54,2.64,1,3.93,5.91,5.08
198112,3.36,-0.97,1.89,-1.79,0.41,-1.5,-6.54,-0.02,-1.43,-2.17,-0.75,-2.33,-3.74
198201,-3.65,1.17,0.75,-0.9,1.21,-3.19,-8.58,2.78,0.67,0.19,1.45,-0.69,-3.25
198202,-3.24,-1.29,3.19,-1.97,-1.94,-5.76,-10.94,-5.22,-5.7,-1.45,-1.8,-0.43,-3.92
198203,-5.86,0.48,6.1,2.47,3.64,-1.72,-3.61,-3.57,2.05,4.25,-2.58,1.63,-1.3
198204,-1.87,-0.2,3.79,6.64,4.48,3.13,4.4,7.44,-0.17,5.45,7.34,3.83,3.71
198205,3.27,1.51,-2.77,-3.21,-1.82,-4.6,2.47,-5.42,-1.05,-2.68,-3.05,-0.5,-5.47
198206,-3.99,0.47,1.8,1.7,2.7,-2.6,-6.47,-2.33,-2.55,2.95,-0.73,-2.24,-2.43
198207,-3.09,-0.4,1.54,-0.47,-0.4,-2.3,-7.95,1.56,1.17,0.16,0.81,-2.61,-3.02
198208,-3.19,0.82,0.12,9.2,13.76,13.8,9.83,12.78,10.84,12.48,12.38,11.92,11.33
198209,11.14,-4.09,1,5.33,-0.72,-1.02,1.95,1.2,1.05,4.64,1.34,1.09,4.16
198210,1.29,2.89,0.33,10.58,16.56,12.95,5.61,16.96,8.18,16.94,8.34,4.9,15.7
198211,11.3,2.35,-3.73,5.16,8.22,5.73,-4.39,10.67,6.02,11.02,5.24,0.11,7.61
198212,4.67,4.77,-1.89,0.85,3.14,0.8,5.47,2.7,-1.22,-2.15,0.54,4.28,-1.32
198301,0.55,-0.19,-0.03,-1.01,5.12,5.03,3.7,8.4,12.34,1.45,1.48,3.65,2.84
198302,3.6,2.7,-0.81,3.77,3.56,4.09,-0.39,3.59,-0.29,8.06,2.78,1.45,4.61
198303,2.59,3.24,0.7,7.39,-1.07,2.15,5.99,0.68,0.71,8.56,4.61,0.3,4.96
198304,2.82,1.76,2.05,6.3,11.03,6.34,9.46,7.49,5.13,8.68,5.1,4.78,8.23
198305,6.67,0.52,0.56,-0.88,-2.14,2.17,1.3,2.75,-1.26,0.4,-2.7,2.62,2.45
198306,0.52,6.15,-1.42,2.97,10.4,1.63,6.48,6.12,0.22,6.12,6.87,-0.41,1.6
198307,3.07,0.89,-3.93,-2.6,-3.62,-2.46,-2.31,-5.39,-5.17,-3.31,-5.59,1.05,-3.67
198308,-4.07,1.46,5.61,0.63,-2.48,0.74,7.19,-1.1,2.19,-4.83,-1.08,1.5,-0.84
198309,-0.5,-4.3,5.56,4.59,4.44,2.38,-4.85,2.12,2.26,2.3,1.29,4.66,1.63
198310,0.91,0.56,1.08,-0.25,0.36,-2.29,-2.11,-6.9,-5.22,-1.6,-2.16,3.07,-4.03
198311,-3.44,-3.6,5.07,2.27,4.12,6.32,-0.56,2.27,3.17,4.42,-3.02,-1.56,4.68
198312,2.16,2.03,-0.64,-0.46,0.97,-1.04,1.9,0.38,-1.52,-4.78,-3.59,-3.64,-0.86
198401,-1.78,-0.29,1.68,-0.75,-5.39,-3.51,9.98,-6.16,4.06,-5.9,-0.6,1.49,-1.67
198402,-1.92,-0.43,7.62,-5.73,-6.08,-6.62,3.88,-5.95,-3.7,-4.47,-1.98,-3.36,-4.88
198403,-4.82,-1.71,3.36,1.56,0.37,3.22,0.16,1.85,-4.21,1.26,-0.69,-0.24,2.46
198404,0.63,0.08,0.51,0.47,1.3,0.01,4.07,-0.44,2.18,0.25,2.28,-0.39,-2.08
198405,-0.51,-1.21,1.27,-2.41,-5.56,-5.68,-5.07,-5.51,-3.49,-5.14,-6.48,-0.83,-6.86
198406,-5.97,0.03,0.26,6.31,1.99,3.22,-2.21,1.79,12.26,7.4,3.82,0.48,2.24
198407,1.82,-0.32,-2.62,-1.73,2.59,-1.51,-7.16,-2.34,2.89,0.11,-3.83,-0.03,-1.8
198408,-2.74,-2.22,0.48,8.77,10,11.97,13.74,13.87,7.15,9.89,10.26,7.75,11.17
198409,10.28,-0.27,-1.82,1.27,-0.14,-2.5,2.11,-3.9,4.04,0.02,-4.4,4.81,2.26
198410,-0.8,0.2,5.32,1.43,2.16,0.54,-4.5,-0.51,-3.52,-0.72,1.6,3.32,0.73
198411,-0.84,-1.2,0.51,0.3,-2.99,-1.4,-1,-3.84,0.47,-2.82,-0.04,3.03,-0.31
198412,-1.76,-0.63,4.08,2.45,4.59,2.18,-0.56,2.43,5.32,0.7,2.8,2.64,3.71
198501,1.84,-0.6,-0.2,5.02,9.81,8.44,6.51,12.56,5.25,13.25,8.28,2.39,9.79
198502,7.99,3.29,-5.41,5.04,-1.59,1.4,3.81,-1.3,3.37,2.04,3.59,1.39,2.16
198503,1.22,0.76,-0.13,4.69,-5.24,-2.71,1.56,-6.02,4.46,-0.56,3,6.11,-0.14
198504,-0.84,-1.15,4.1,-2.12,-3.45,-1.51,3.86,-3.62,-0.71,0.11,-1.73,1.62,1.46
198505,-0.96,0.14,3.72,7.9,5.94,6.12,0.65,2.87,8.35,9.61,9.59,5.51,6.36
198506,5.09,-2.25,-0.92,2.72,1.51,1.55,-0.79,-0.69,4.5,1.56,2.29,3.63,2.95
198507,1.27,0.5,0.5,-2.58,2.4,3.47,-0.34,4.46,-4.56,-4.03,-0.4,-4.7,-0.15
198508,-0.74,2.84,-1.68,0.76,-2.62,-1.14,1.4,-2.53,0.53,-0.62,-0.8,1.92,-0.46
198509,-1.02,-0.33,2.32,-0.65,-3.26,-3.93,-1.31,-4.76,-4.17,-4.29,-3.89,-5.31,-4.92
198510,-4.54,-1.59,1.31,3.58,0.87,3.3,6.16,3.05,4.07,6.81,3.19,6.3,6.37
198511,4.02,-1.57,0.78,8.48,9.98,7.85,0.48,8.66,7.38,7.89,9.78,4.24,7.41
198512,6.48,0.22,-2.88,5.42,7.18,4.57,-3.15,8.27,6.2,4.56,3.48,4.85,4.5
198601,3.88,-0.49,-1.52,1.84,2.19,1.54,-6.77,-0.26,-3.94,1.49,1.14,3.78,3.54
198602,0.65,1.22,0.52,10.81,10.92,10.18,0.76,4.98,7.39,7.69,6.08,6.55,8.34
198603,7.13,-0.62,-0.85,8.03,7.91,6.02,0.01,-0.08,3.81,8.64,12.05,3.95,5.76
198604,4.88,-0.52,-0.44,0.43,-3.55,-1.73,0.71,3.92,2.42,0.17,0.72,-3.89,-2.65
198605,-1.31,2.85,-2.86,8.85,3.18,4.45,7.31,0.99,4.81,9.9,7.24,3.62,4.67
198606,4.62,-1.32,-0.14,6.24,-1.26,0.02,-2.34,-3.97,5.44,3.86,5.67,5.08,1.53
198607,1.03,-0.93,1.36,-5.7,-9.04,-7.28,-5.34,-8.34,-3.02,-9.52,-5.36,5.14,-6.4
198608,-6.45,-3.39,4.76,2.62,7.52,6.17,16.62,6.97,6.87,1.73,4.01,7.9,6.92
198609,6.07,-4.2,3.5,-10.82,-8.18,-6.79,-0.95,-7.06,-9.29,-8.41,-12.57,-9.09,-8.82
198610,-8.6,2.26,3.16,8.86,6.49,6.47,2.03,0.63,4.66,7.45,7.93,5.24,4.26
198611,4.66,-2.48,-1.37,0.74,4.83,2.83,3.08,3.52,3.94,1.83,1.35,0.55,-0.62
198612,1.17,-1.92,-0.13,-3.19,-2.19,-1.91,-0.49,-3.68,-3.73,-6.27,-1.25,-3.31,-2.53
198701,-3.27,0.09,0.27,14.51,18.81,14.33,13.91,16.45,5.31,11.53,13.16,9.3,11.16
198702,12.47,-1.83,-3.26,5.62,3.47,4.79,-1.63,9.41,0.04,9.87,11.28,-2.15,4.68
198703,4.39,3.49,-5.97,1.07,4.63,3.24,12.28,2.68,1.43,1.75,0.15,-1.66,-0.31
198704,1.64,0.39,1.62,-3.66,4.08,-1.38,0.11,4.37,-2.42,-2.84,-2.46,-4.33,-4.08
198705,-2.11,-1.7,-0.34,2.57,-1.41,0.5,3.04,0.3,3.33,-0.11,1.23,-1.85,-0.02
198706,0.11,-0.53,0.22,6.82,2.98,5.09,5.72,0.01,7.04,6.51,4.76,3.39,4.63
198707,3.94,-2.18,1.01,5.68,6.96,7.2,3.32,1.02,6.01,5.9,5.75,-1.68,3.59
198708,3.85,-0.67,0.67,3.73,5.68,2.7,1.74,7.4,5.1,3.32,2.2,3.71,4.35
198709,3.52,-0.72,-0.92,-2.75,-3.98,0.35,-3.81,-2.71,2.99,-6.34,-2.55,-2.31,-1.8
198710,-2.59,0.52,0.27,-21.03,-26.93,-27.33,-18.41,-25.93,-12.35,-28.23,-20.46,-6.94,-23.58
198711,-23.24,-8.41,4.2,-8.02,-8.52,-5.16,-10.53,-9.8,-8.92,-8.48,-9.31,-2.53,-6.62
198712,-7.77,2.78,3.13,7.52,8.61,10.84,6.7,11.86,4.27,8.55,5.34,0.57,5.4
198801,6.81,0.13,-4.45,3.02,4.48,0.39,8.61,-2.44,9.76,5.63,6.37,9.76,6.42
198802,4.21,-0.78,4.99,6.01,6.27,7.52,3.53,7.47,1.32,10.52,4.2,-1.43,4.32
198803,4.75,3.35,-1.62,-1.52,-4.17,-1.17,2.49,-4.65,-3.82,-0.99,-2.55,-3.17,-1.34
198804,-2.27,6.15,0.72,-0.07,2.9,1.63,4.54,2.59,0.67,1.74,-1.99,-0.29,-0.39
198805,0.56,0.96,1.7,-0.3,1.23,-0.31,-0.49,-1.31,2.17,-1.36,-0.26,3.59,0.95
198806,-0.29,-2.64,2.33,3.41,8.26,7.43,-2.01,9.4,3.01,6.68,2.68,3.23,6.02
198807,4.79,2.17,-1.09,1.62,-0.82,-2.35,3.5,-5.1,0.02,-0.8,0.49,-0.26,-0.51
198808,-1.25,-0.22,2.2,-0.22,-6.68,-4.42,-1.5,-8.19,-3.05,-2.56,-1.08,-0.13,-0.89
198809,-3.31,0.06,2.12,6.49,3.9,3.43,-2.41,2.84,7.36,8.05,3.86,2.71,4.17
198810,3.3,-1.26,-0.68,8.16,3.33,0.69,1.82,0,2.8,1.7,1.22,2.53,-0.02
198811,1.15,-2.9,1.7,-1.14,-0.94,-2.15,-0.31,-3.15,0.34,-2.83,-2.16,-0.46,-2.13
198812,-2.29,-1.73,1.3,3.51,0.26,3.12,1.83,4.89,1.62,1.48,1.83,1.02,0.94
198901,1.49,1.94,-1.54,5.64,7.6,7.52,6.32,7.09,8.96,6.36,6.8,2.76,6.89
198902,6.1,-2.14,0.49,-1.4,-2.99,-2.09,-1.31,-3.76,-1.22,-1.8,-1.15,-1.82,-0.39
198903,-2.25,2.77,0.9,5.43,-1.41,1.2,3.82,-5.49,5.56,2.88,4.96,0.57,3.43
198904,1.57,0.74,0.47,5.73,0.47,5.33,2.61,5.19,9.63,5.53,5.41,3.9,4.64
198905,4.33,-0.58,-1.42,5.37,2.3,3.64,2.82,2.46,5.79,5.27,3.43,5.34,4.21
198906,3.35,-0.05,-0.9,1.48,1.28,-2.68,-0.96,-3.26,-0.03,-2.06,-2.74,3.4,0.93
198907,-1.35,-1,2.27,11.98,5.12,7.63,3.76,2.95,8.57,9.14,13.89,5.8,8.12
198908,7.2,-4.03,-2.79,-1.99,5.43,4.43,3.36,2.53,1.02,2.7,0.37,-0.8,3.41
198909,1.44,0.51,0.63,-0.54,-4.6,-2.53,1.41,-2.71,3.81,-2.23,2.38,0.48,1.42
198910,-0.76,0.25,-1.25,-2.49,-5.7,-4.36,0.46,-4.42,-2.04,-4.11,0.39,1.01,-4.82
198911,-3.67,-3.25,-1.07,1.68,-1.18,3.06,3.93,-1.8,1.99,1.36,4.53,3.23,-0.02
198912,1.03,-1.27,-1.07,1.36,-1.45,2.99,5.86,-1.09,5.73,1.24,1.05,4.79,-1.5
199001,1.16,-2.4,0.21,-9.43,-3.84,-6.29,-4.14,-1.28,-13.4,-6.24,-7.37,-5.35,-8.84
199002,-7.85,-1.26,0.78,-0.39,5.13,2.55,3.03,4.11,-0.34,1.92,-2.06,0.22,2.55
199003,1.11,1.02,0.65,4.54,2.9,3.91,-0.48,4.46,4.18,5.3,3.86,-0.75,-0.31
199004,1.83,1.55,-3.03,-0.27,-4.04,-2.74,-3.59,-2,-3.46,-1.91,0.29,-5.51,-3.46
199005,-3.36,-0.5,-2.47,9.04,7.76,8.08,5.95,12.54,9.39,11.7,12.76,5.42,9.06
199006,8.42,-2.56,-3.89,2.03,-2.25,-0.6,-2.08,-1.17,-4.71,1.62,4.44,0.75,-1.58
199007,-1.09,1.42,-1.99,-0.81,-3.48,0.22,8.23,-7.43,-4.59,-4.01,2.59,0.88,-3.45
199008,-1.9,-3.2,-0.11,-7.36,-14.27,-12.06,-1.2,-12.04,-10.72,-12.17,-6.82,-6.63,-11.39
199009,-10.15,-3.57,1.63,-4.11,-10.58,-8.04,-1.59,-6.66,1.29,-8.42,-4.35,0.48,-10
199010,-6.12,-3.68,0.71,2.45,-3.22,-1.81,-4.2,-3.5,2.8,-3.07,1.43,7.23,-6.36
199011,-1.92,-5.55,0.19,6.55,4.11,7.4,1.63,11.19,3.1,10.37,9.45,2.3,10.65
199012,6.35,0.36,-3.21,4.41,-0.44,4.88,-2.17,4.18,1.75,3.39,2.75,0.8,5.45
199101,2.46,0.75,-1.72,5.15,7.29,6.44,-2.01,14.96,0.18,9.41,4.53,-1.37,7.47
199102,4.69,3.76,-1.74,10.29,10.24,5.97,8.39,6.41,3.41,8.04,9.85,4.83,9.69
199103,7.19,3.96,-0.55,4.78,1.16,1.36,1.28,0.75,2.34,8.61,5.43,1.71,3.07
199104,2.65,3.92,-1.32,-0.96,-2.35,0.39,2.53,-2.89,1.12,1.96,-1.12,-0.03,1.3
199105,-0.28,0.49,1.48,3.59,14.72,7.38,-1.39,3.61,-1.45,7.53,4.61,0.16,4.97
199106,3.65,-0.35,-0.57,-4.95,-4.46,-4.2,-3.7,-8.82,-1.9,-4.18,-4.16,-2.37,-5.22
199107,-4.94,0.08,1.23,5.67,-0.41,3.16,5.02,4.63,3.2,5.4,8.44,3.99,4.69
199108,4.24,-0.93,-1.25,5.4,-2.14,1.95,1.75,2.81,0.84,3.67,2.86,3.53,3.1
199109,2.32,1.59,-0.83,-3.25,-2.68,-2.29,-0.7,-1.3,0.54,-3.25,-0.4,3.73,-0.56
199110,-1.59,1.64,-0.98,-0.6,-1.99,1.52,2.03,1.99,2.11,-1.96,6.64,1.23,2.33
199111,1.29,0.88,-0.47,-0.52,-7.97,-5.45,-7.67,-4.37,-4.92,-1.21,-2.55,1.89,-5.37
199112,-4.19,-0.48,-1.85,14.63,7.64,11.51,1.94,9.13,9.83,13,16.47,5.01,12.6
199201,10.84,-2.26,-4.11,-3.05,10.49,2.21,-4.15,6.63,-2.62,0.33,-5.55,-4.58,2.11
199202,-0.59,8.49,4.61,1.1,12.28,2.04,-0.52,3.86,-1.21,2.6,-2.59,-1.23,3.15
199203,1.09,0.87,6.37,-1.56,0.79,-1.25,-2.78,-5.17,-0.98,-1.33,-5.46,-0.53,-2.15
199204,-2.66,-1.04,3.61,0.74,7.9,2.99,9.47,-1.02,6.85,-3.48,-2.15,2.68,0.52
199205,1.07,-6.12,4.27,1.38,-1.92,-0.56,3.2,0.03,-1.7,0.18,1.08,2.54,1.53
199206,0.3,0.4,1.25,-2.88,2.16,-3.3,-3.48,-4.09,1.24,-1.9,-4.68,0.54,-0.01
199207,-2.34,-3.1,3.36,4.67,0.43,3.01,5.35,2.98,5.37,3.84,5.73,6.69,3.2
199208,3.77,-0.42,-0.37,0.85,-9.46,-3.54,2.57,-4.55,-1.05,-0.55,-3.3,-0.49,-3.41
199209,-2.38,-0.13,-1.06,1.1,0.29,1.81,0.14,3.36,1.81,4.04,-4.9,0.82,3.46
199210,1.19,0.58,-0.28,-0.85,0.06,0.82,-3.46,2.12,-0.53,4.32,3.32,-0.42,2.96
199211,1.02,2.03,-2.01,3.65,8.64,3.96,-2.64,6.35,4.29,7.19,4.87,-0.24,6.02
199212,4.13,3.69,-1.4,0.08,3.37,1.48,1.92,0,5.57,0.61,-1.4,2.7,3.83
199301,1.53,1.63,2.63,-0.78,9.48,-0.04,2.75,4.84,1.16,0.03,-6.77,2.45,3.27
199302,0.93,1.98,5.92,-2.05,-0.28,1.65,6.01,-0.35,5.72,-1.52,-8.94,6.21,0.42
199303,0.12,-3.47,6.41,0.01,5.45,2.25,4.1,2.21,3.26,2.77,0.81,1.77,3.9
199304,2.3,0.23,1.31,-9.24,2.31,-0.09,1.18,-3.68,-2.87,-8.14,1.31,-0.15,-3.22
199305,-3.05,-0.66,2.52,2.67,1.08,2.38,1.74,8.78,4.23,5.87,3.61,-0.06,1.71
199306,2.89,1.98,-3.45,-0.75,3.31,-0.22,-1.12,-0.43,4.64,-2.89,-2.92,3.18,2.21
199307,0.31,-0.32,2.72,-2.36,1.68,-0.02,0.48,-3.89,2.15,0.65,-6,1.95,2.06
199308,-0.34,0.89,2.82,4.28,0.5,3.43,4.22,6.41,5.47,3.97,3.06,3.67,3.46
199309,3.71,0.15,0.13,-1.79,0.82,-1.96,1.44,1.33,-0.48,-0.33,0.91,-0.63,1.69
199310,-0.12,3.02,-0.25,6.09,7.51,3.17,-1.87,1.6,2.59,4.61,6,-1.96,-2.28
199311,1.41,2.04,-2.72,0.67,0.84,1.18,-5.89,0.01,-6.04,0.67,1.11,-5.51,-2.8
199312,-1.89,-1.22,-0.77,1.46,4.51,3.73,0.53,2.98,-0.44,-2.09,2.49,1.61,2.61
199401,1.65,1.22,0.36,-0.44,6.96,4.82,4.86,4.72,2.01,0.63,1.93,-1.22,4.42
199402,2.87,0.4,1.13,-1.28,-4.36,-0.61,-2.97,1.66,-5.53,1.98,-5.55,-4.95,-3.9
199403,-2.55,2.8,-1.59,-4.05,-6.42,-4.39,-3.63,-3.89,-3.74,-4.61,-6.71,-3.93,-4.3
199404,-4.78,-1.14,1.63,1.22,-0.45,0.09,4.13,-1.6,1.42,0.25,2.4,2.11,1.26
199405,0.68,-0.98,1.66,-1.33,-2.77,2.09,0.89,2.09,1.66,-1.91,4.37,-5.35,3
199406,0.58,-2.13,0.66,-1.83,-3.43,-2.56,-2.68,-5.23,0.71,-2.62,-3.69,-3.13,-2.64
199407,-3.03,-0.42,1.72,2.95,3.7,4.55,3.3,3.87,3.2,0.81,1.04,5.16,2.65
199408,2.82,-1.8,0.56,6.05,-0.23,4.76,-0.06,9.27,1.16,4.58,10.72,0.66,3.47
199409,4.01,1.42,-2.47,-0.32,-5.06,-1.65,-2.08,-0.49,-1.1,-2.34,1.72,-2.78,-4.23
199410,-2.31,3.12,-1.87,2.16,-1.46,0.59,7.37,7.23,-0.09,1.22,0.88,1.56,0.15
199411,1.34,-2.23,-1.66,-1.66,-5.07,-5.45,-4.84,-2.14,-5.45,-3.39,0.43,0.26,-5.18
199412,-4.04,0.26,-0.69,1.32,3.83,4.08,-0.99,2.5,0.9,-2.86,0.53,0.35,1.47
199501,0.86,0.3,-0.2,1.84,-5.84,-0.39,0.37,-0.82,4.2,1.53,6.16,6.23,4.72
199502,1.8,-3.53,2.54,3,5.07,5.51,4.48,6.75,1.51,2.69,2.24,0.82,4.86
199503,3.63,-0.64,1.12,2.73,1.44,3.5,5.27,4.52,0.28,3.5,2.7,-1.75,1.98
199504,2.19,-0.17,-2.15,1.84,1.41,2.98,2.34,8.29,1.59,-1.67,3.07,2.38,1.61
199505,2.11,-0.53,1.71,4.72,4.84,3.18,4.08,3.08,0.63,2.7,1.62,6.01,4.47
199506,2.9,-2.55,2.23,1.69,0.83,2.09,-3.09,9.79,3.86,4.92,4.47,-0.46,2.15
199507,2.72,3.14,-2.5,1.25,2.65,3.52,2.3,7.91,5.14,3.54,5.3,-0.38,4.87
199508,3.72,2.08,-1.63,0.68,0.72,-0.18,-1.61,-0.08,4.33,-2.78,1.04,0.98,3.72
199509,0.55,1.36,2.84,6.69,-0.52,2.25,1.31,1.28,5.63,2.75,7.45,6.24,4.56
199510,3.35,-2.29,0.02,0.36,-4.78,-2.69,-0.24,1.45,-0.12,-5.5,1.13,1.48,-2.05
199511,-1.52,-3.82,-0.46,4.52,5.45,6.49,4.76,-0.68,2.8,6.16,4.94,1.56,6.17
199512,3.96,-1.2,0.61,1.7,3.15,1.54,5.79,-4.2,3.94,-0.81,5.92,5.06,1.12
199601,1.03,0.64,0.33,2.67,3.49,3.36,-0.36,1.95,2.33,-0.37,5.95,1.91,3.52
199602,2.26,-2.63,0.22,3.12,2.02,0.9,1.05,6.33,-2.2,4.33,-1.07,-2.58,2.23
199603,1.33,1.81,-1.16,-0.94,4.28,3.48,4.98,-3.42,-1.87,5.96,0.23,-0.47,1.7
199604,0.73,1.52,0.31,0.1,3.54,1.64,3.44,10.01,2.7,4.22,-0.6,-2.59,0.19
199605,2.06,5.24,-4.08,6.56,2.24,2.36,0.48,3.85,0.06,4.39,3.93,1.35,1.58
199606,2.36,3.08,-0.8,3.24,-4.93,-0.46,0.92,-4.92,0.43,-1.62,-0.19,5.21,-0.25
199607,-1.14,-3.91,2.26,-4.1,-4.18,-4,-4.67,-7.52,-8.54,-7.53,-6.06,-5.82,-4.32
199608,-5.97,-4.31,5.16,-0.75,3.16,3.24,2.97,4.42,-0.92,5.83,4.19,2.89,3.91
199609,2.77,2.44,-0.78,3.68,2.39,6.14,4,10.58,1.52,3.52,7.34,0.67,5.07
199610,5.01,-0.95,-2.76,1.78,0.13,1.61,5.84,-1.25,-0.73,-2.23,-0.68,3.61,3.96
199611,0.86,-4.45,4.92,5.13,6.01,6.09,5.53,12.02,5.65,3.12,6.66,2.61,7.54
199612,6.25,-4.07,1.46,0.51,-3.19,-0.42,0.8,-2.53,2.63,-3.46,-2.66,0.14,-1.8
199701,-1.7,3.08,1.33,5.58,3.16,4.25,4.32,9.38,2.34,0.17,9.55,0.9,6.04
199702,4.98,-1.93,-1.43,4.09,0.35,0.81,-5.69,-7.44,2.28,3.08,0.94,-0.57,2.6
199703,-0.49,-3.29,5.7,-5.12,-3.94,-3.74,5.21,-5.55,-7.6,-1.29,-7.4,-2.76,-5.89
199704,-5.02,-0.44,3.43,5.19,2.31,5.34,0.05,8.15,2.54,2.21,6.16,-1.39,5.23
199705,4.04,-5.74,0.09,5.89,6.67,7.81,7.33,10.14,6.64,6.04,6.91,3.77,6.24
199706,6.74,5.16,-4.08,3.53,3.9,5.21,1.31,1.34,3.78,5.02,8.89,3.06,5.37
199707,4.1,1.19,1.62,3.35,7.46,7.15,7.4,15.96,2.75,7.78,2.06,2.81,9.23
199708,7.33,-2.7,0.2,-6.25,1.37,-5.55,0.24,-1.3,-2.28,-2.57,-6.14,-1.16,-4.8
199709,-4.15,7.33,1.12,5.56,5.34,3.31,6.3,3.47,9.68,5.19,6.62,4.65,7.91
199710,5.35,2.56,0.29,-3.14,-3.3,-5.88,-2.01,-8.42,3.33,-2.2,0.26,0.94,-2.63
199711,-3.8,-0.8,2.33,6.45,-1.63,4.22,-3.55,1.46,10.26,5.35,2.86,7.14,3.02
199712,2.98,-5.11,1.24,3.78,4.1,-0.25,-1.51,-4.18,4.56,-0.24,3.55,7.97,5.34
199801,1.32,-2.66,4.03,-2.89,0.55,0.72,-5.73,5.25,4.84,0.91,5.73,-4.37,-2.12
199802,0.15,-1.02,-1.65,5.14,12.28,7.12,6.83,10.42,2.62,10.38,5.44,2.65,8.19
199803,7.04,0.26,-0.78,5.72,6.24,4.88,4.8,1.33,9.81,6.55,3.61,6.77,5.79
199804,4.76,-1.21,1.54,-3.1,0.99,1.25,3.8,5.08,-3.03,-0.38,1.92,-2.51,1.82
199805,0.73,0.03,0.89,1.08,7.2,-2.47,-4.2,-6.95,-1.65,2.14,-2.47,-0.88,-3.01
199806,-3.07,-3.4,3.43,3.8,1.8,-0.57,-1.36,8.73,3.21,4.81,6.18,2.84,3.13
199807,3.18,-3.32,-1.8,-4.07,-1.32,-5.77,-6.79,0.47,3.83,-3.1,-0.22,-5.34,-1.71
199808,-2.46,-4.94,-1.71,-12.99,-19.17,-14.29,-10.41,-17.6,-11.74,-14.24,-12.26,2.25,-21.36
199809,-16.08,-5.68,3.56,1.3,1.55,0.57,13.01,15.2,10.02,1.48,12,7.98,2.68
199810,6.15,0.06,-3.42,10.8,11.71,11.19,1.28,6.35,6.82,10.56,3.86,-1.76,8.98
199811,7.13,-3.11,-2.21,6.33,4.84,3.59,0.45,11.62,3.67,9.55,6.18,1.35,6.2
199812,6.1,1.21,-3.16,0.51,4.26,2.33,-1.16,15.25,14.32,8.97,5.02,2.83,3.6
199901,6.16,-0.54,-4.2,-3.41,5.43,0.56,-5.51,15.09,8.79,2.36,0.24,-6.26,1.11
199902,3.5,0.81,-4.66,-3.78,-4.31,-1.95,-3.17,-11.46,-2.92,-1.5,0.22,-3.78,-0.01
199903,-4.08,-6.08,1.91,-1.96,-0.84,4.75,15.42,8.51,-0.66,2.79,2.55,-1.69,2.41
199904,3.45,-3.76,-2.77,3.76,10.33,9.27,15.91,2.36,8.33,0.51,-5.53,7.18,6.77
199905,4.33,3.98,2.34,1.41,-5.54,-3.17,-3.13,-0.67,1.03,-2.88,-2.05,6.72,-3.52
199906,-2.46,3.33,2.36,0.33,0.59,4.56,-1.48,11.72,5.85,7.92,4.49,-4.29,3.24
199907,4.77,3.15,-3.4,-2.48,-5.97,-1.1,1.65,-1.8,-1.61,-5.02,-4.44,-0.61,-6.06
199908,-3.49,2.55,-0.48,-4.63,1.12,-0.36,1.86,5.45,-7.57,-5.97,3.72,0.62,-5.12
199909,-1.38,-1,-1.72,-6.78,-7.76,-2.82,-3.88,-0.21,4.45,1.45,-7.09,-4.31,-4.38
199910,-2.79,3.36,-3.42,6.46,4.44,4.37,-1.58,3.25,9.53,3.34,10.78,2.17,11.42
199911,6.12,-6.75,-3.16,-1.23,-1.93,-1.04,3.78,12.87,4.29,4.18,1.5,-7.45,-2.25
199912,3.37,7.17,-6.07,-2.5,2.88,9.79,0.68,20.76,4.18,6.46,-5.63,-2.34,1.43
200001,7.72,7.07,-8.4,-4.77,-0.87,-7.99,0.9,-4.71,-4.04,-11.23,7.56,5.75,-4.64
200002,-4.74,5.7,-1.75,-6.19,-7.95,-4.24,-5.44,18.18,-3.59,-3.86,-2.88,-7.26,-6.98
200003,2.45,21.19,-8.94,7.74,10.51,8.36,12.26,3.95,7.57,13.28,0.28,5.77,14.12
200004,5.2,-16.82,7.66,-1.82,9.27,0.96,-1.98,-10.69,-7.9,-4.27,5.25,7.6,-3.41
200005,-6.4,-6.93,7.41,7.22,-13.22,-1.41,9.44,-10.84,-10.41,-2.7,3.94,3.9,3.46
200006,-4.42,-6.33,5.01,2.39,-9.48,-1.14,-5.17,13.03,4.16,-2.32,11.51,-4.76,-2.82
200007,4.64,12.8,-8.22,0.79,4.61,-0.63,-2.61,-5.18,-7.41,-1.37,-6.16,4.43,5.55
200008,-2.51,-3.16,8.4,-1.81,4.57,6.96,8.91,12.56,-0.96,-2.45,3.58,11.72,9.08
200009,7.03,-0.65,-1.47,3.46,-4.1,-6.06,4.37,-14.99,-4.07,2.7,3.72,9.63,0.36
200010,-5.45,-1.89,7.28,7.63,1.88,4.59,-3.05,-7.28,-0.42,-1.51,2.59,-2.25,-1.07
200011,-2.76,-3.87,5.71,2.78,-11.21,-3.63,-2.95,-23.36,-15.51,-1.37,0.79,3.1,-5.95
200012,-10.72,-3.5,12.53,5.46,1.07,7.14,7.75,-7.95,-4.38,5.62,3.53,6.58,7.18
200101,1.19,0.73,7.67,-1.92,13.2,-0.12,-3.39,16.53,14.39,6.63,-8.93,-10.77,0.05
200102,3.13,6.76,-5.33,0.18,-1.25,-4.29,0.12,-25.96,-9.89,-5.35,-0.5,6.24,-4.38
200103,-10.05,-0.82,12.58,-4.65,-3.06,-7.31,-0.31,-13.59,-5.69,-2.87,-8.44,1.64,-4.11
200104,-7.26,0.17,6.52,0.93,8.44,8.48,10.32,17.99,2.51,5.6,3.99,5.46,5.78
200105,7.94,0.61,-4.8,3.35,-2.32,2.89,0.09,-3.33,-1.28,1.6,3.03,0.01,3.75
200106,0.72,2.53,3.34,-1.61,3.48,-4.52,-7.71,1.48,-3,-2.49,-2.85,-6.22,0.03
200107,-1.94,6.25,-1.16,-0.19,3.28,0.5,-2.55,-7.58,-0.67,4.59,2.3,-3.66,-2.27
200108,-2.13,-4.23,5.35,2.51,-11.36,-1.91,-3.59,-12.65,-9.24,-6.98,-3.11,0.42,-5.33
200109,-6.46,2.48,2.33,-2.57,-16.9,-12.76,-5.65,-18.94,-2.45,-9.6,-0.59,-6.39,-8.3
200110,-9.25,-6.25,1.57,1.08,0.9,3.88,4.78,15.68,-9.39,1.64,1.18,1.41,-0.58
200111,2.46,7.57,-7.66,2.08,15.5,8.35,-4.11,15.92,6.09,10.14,5.04,-1.63,7.92
200112,7.54,-0.48,2.16,2.02,-0.91,2.67,6.16,-0.59,2.74,4.51,-2.88,3.85,3.3
200201,1.61,4.79,0.9,1.92,2.94,1.65,-2.99,-0.56,-7.14,2.76,-2.36,-4.07,-2.92
200202,-1.44,1.18,3.38,4.36,3.05,4.3,5.19,-13.2,-2.39,-0.09,-0.51,-0.25,-0.52
200203,-2.29,-1.07,2.21,3.74,6.92,4.96,7.81,6.43,0.31,2.03,0.47,10.04,5.43
200204,4.24,4.14,1.08,2.66,1.74,-1.48,-4.4,-11.76,-12.71,-1.38,-7.59,-0.56,-3.74
200205,-5.2,5.84,3.96,1.44,-0.21,-0.31,-0.59,-3.78,3.01,-1.26,-2.23,-6.47,-0.39
200206,-1.38,-3.26,1.57,-5.79,-8.11,-3.11,-0.44,-12.21,-14.4,-5.08,-9.6,-5.36,-5.38
200207,-7.21,4.2,0.04,-6.72,-12.26,-8.51,-11.95,-9.63,-11.67,-11.31,-2.55,-12.3,-6.41
200208,-8.18,-5.22,-3.71,2.49,0.38,-1.27,0.54,-0.88,0.33,1.9,0.65,3.38,1.14
200209,0.5,-2.94,3.23,-7.68,-11.08,-8.26,-8.13,-16.74,-9.3,-9.4,-5.86,-10.86,-10.7
200210,-10.35,2.39,1.49,5.22,-3.3,3.89,3.28,19.41,21.36,5.7,5.68,-0.68,6.38
200211,7.84,-3.44,-4.07,-1.27,12.07,6.23,3.17,16.13,11.76,1.93,3.71,1.62,4.61
200212,5.96,3.23,-1.51,0,-7.26,-3.76,0.76,-13.03,-9.07,-6.94,-4.05,3.85,-4.98
200301,-5.76,-0.01,2.28,-4.78,-3.23,-4.07,-2.41,-1.47,-3.53,-4.77,-0.59,-3.17,-2.32
200302,-2.57,1.28,-0.86,-3.11,-5.05,-2.16,1.98,1.27,-6.44,-1.21,-1.94,-3.92,-2.62
200303,-1.88,-0.46,-1.33,-2.67,-2.76,1.31,1.18,-0.97,-0.6,4.61,3.79,4.35,0.75
200304,1.09,0.93,-2.15,4.7,15.18,6.39,-0.57,9.26,11.15,8.9,4.32,7.44,11.78
200305,8.22,0.64,0.89,9.22,2.85,4.63,8.91,9.75,6.16,3.41,3.91,10.11,5.3
200306,6.05,4.49,0.11,1.57,2.68,0.54,-1.21,0.24,1.97,3.47,4.11,0.66,0.94
200307,1.42,1.75,0.39,-2.33,6.6,4.95,-2.7,5.66,-1.65,3.32,0.62,-5.25,3.53
200308,2.35,5.23,-1.08,0.66,7.86,4.19,6.26,6.07,1.34,6.76,-2.53,1.91,0.61
200309,2.34,2.7,1.61,1.11,-4.07,-3.75,-2.31,-0.89,-5.65,-4.53,0.24,3.9,0.35
200310,-1.24,0.71,0.05,5.59,6.97,8.86,1.54,8.23,6.66,9.03,0.72,1.58,6.42
200311,6.08,2.64,1.92,3.78,3.09,2.08,0.61,1.89,-0.63,0.58,1.64,0.94,1.11
200312,1.35,1.99,1.8,3.31,12.3,6.75,13.58,2.11,7.39,-2.13,5.69,5.81,4.48
200401,4.29,-2.76,1.58,0.12,-1.12,-0.62,0.45,4.49,1.42,0.45,3.04,1.92,2.72
200402,2.15,2.53,2.45,4.28,-0.11,1.99,4.69,-2.92,-0.79,6.08,0.91,2.06,2.02
200403,1.4,-1.56,0.86,-0.3,-1.15,-0.22,-0.16,-2.53,-2.44,0.3,-3.91,1.17,-0.61
200404,-1.32,1.75,0.24,1.51,2.38,-0.19,2.48,-4.89,-0.51,-2.68,3.57,-3.51,-3.84
200405,-1.83,-1.73,-3.07,-2.19,-1.61,1.59,0.42,4.82,-2.95,0.27,-0.38,1.28,2.08
200406,1.17,-0.24,-0.29,1.87,5.08,5.35,5.49,2.63,0.56,0.07,-0.38,2.01,1.51
200407,1.86,2.28,1.23,-5.83,-4.69,-4.04,3.28,-8.49,-1.27,-3.98,-5.89,1.05,-2.4
200408,-4.06,-3.85,3.28,0.83,-2.3,1.28,-1.24,-4.42,1.28,-1.15,1.65,3.67,1.93
200409,0.08,-1.56,0.96,-1.76,2.45,1.91,8.88,3.29,1.34,2.58,-1.41,1.42,1.24
200410,1.6,3.01,-0.07,2.87,-2.65,-1.37,0.66,5.03,3.36,3.08,-2.41,4.23,1.22
200411,1.43,0.13,-0.29,4.52,7.18,7.17,6.56,5.84,3.42,3.61,0.66,4.92,4.96
200412,4.54,3.72,1.43,4.8,4.85,2.61,-2.09,3.19,4.34,3.43,5.65,2.41,4.42
200501,3.43,-0.07,-0.18,-0.08,-6.71,-1.79,3.02,-6.12,-3.93,-1.08,-4.05,1.76,-2.44
200502,-2.76,-1.72,2.01,0.6,-0.28,4.15,19.03,-0.19,-0.15,0.86,2.47,2.32,0.22
200503,1.89,-0.55,1.63,-0.88,-7.56,-1.48,-3.27,-2.41,-0.11,0,-0.42,0.63,-2.4
200504,-1.97,-1.35,2.14,-1.02,-11.06,-4.75,-5.79,-4.54,-1.94,-5.34,3.95,2.1,-1.64
200505,-2.61,-3.97,0.05,2.27,8.65,2.89,2.17,7.75,1.42,6.39,1.45,1.7,3.38
200506,3.65,2.8,-0.66,-1.61,1.77,-1.2,5.85,-1.57,0.05,2.47,-0.56,5.57,1.4
200507,0.57,2.55,2.82,2.41,5.21,5.8,6.14,6.01,2.91,5.84,3.74,2.99,2.44
200508,3.92,2.87,-0.83,0.1,-2.73,-1.4,5.71,-0.58,-1.14,-5.56,-0.33,1.16,-1.7
200509,-1.22,-0.98,1.38,0.25,-4.8,0.75,7.05,0.75,-1.58,-1.75,-1.95,4.39,1.22
200510,0.49,-0.66,0.74,-1.81,-4.17,-2.43,-10.01,-1.64,-3.08,1.62,-3.25,-6.85,1.25
200511,-2.02,-1.19,0.45,1.01,2.28,5.31,1.38,6.53,2.42,4,1.56,-0.19,4.94
200512,3.61,0.97,-1.16,-0.16,-0.66,1.44,0.72,-1.81,-1.59,-0.61,2.4,1.23,0.18
200601,-0.25,-0.46,0.24,0.18,6.15,5.03,12.69,3.76,3.58,1.99,2.16,3.05,1.54
200602,3.04,5.4,0.99,1.15,-0.31,1.19,-8.22,-1.25,3.3,1.44,1.07,0.23,1.09
200603,-0.3,-0.37,-0.26,1.23,2.77,2.96,4.2,2.96,1.87,2.41,-0.96,-3.64,1.86
200604,1.46,3.49,0.68,1.03,0.53,4.01,4.64,-1.08,1.56,-1.66,-1.93,1.85,2.24
200605,0.73,-1.41,2.37,1.3,0.5,-3.31,-3.38,-6.79,-0.12,-1.93,-2.19,1.52,-3.23
200606,-3.57,-3.09,2.45,-0.08,1.92,-0.51,2.58,-1.18,2.88,0.27,-0.14,2.41,-0.32
200607,-0.35,-0.36,0.92,3.49,-3.16,-3.78,4.7,-3.92,2.26,-4.31,4.27,4.87,-1.11
200608,-0.78,-3.99,2.67,3.09,2.06,2.08,-3.56,7.19,2.24,2.05,2.31,2.35,1.63
200609,2.03,1.02,-1.98,-0.31,4.27,1.92,-3.53,3.67,3.42,5.76,1.67,-2.15,3.36
200610,1.84,-1.29,-0.04,2.59,5.13,4.36,5.02,4.28,5.45,3.91,1.65,5.36,2.89
200611,3.23,1.72,-0.3,1.44,1.86,3.58,8.56,3.02,0.69,-1.31,0.07,3.03,1.74
200612,1.71,0.78,0.07,1.98,-0.79,0.51,-2.07,-0.99,4.36,1.45,0.07,0.7,3.22
200701,0.87,-1.14,2.72,1.35,2.71,3.23,-1.31,2.17,2.88,3.55,3.49,0.38,1.09
200702,1.4,0.16,-0.69,-1.79,-0.43,0.8,-2.17,-2.48,-2.5,-0.63,-2.81,4.25,-2.31
200703,-1.96,1.29,-0.17,2.47,-1.07,1.58,5.99,0.91,2.32,0.73,-0.21,4.34,-0.27
200704,0.68,0.08,-0.83,3.74,6.26,4.4,5.39,4.9,2.11,2.23,6.83,3.92,3.39
200705,3.49,-2.18,-1.38,2.81,3.42,4.84,7.19,3.9,6.68,2.51,1.09,1.2,3.35
200706,3.24,0.27,-0.63,-0.86,2.12,-0.6,1.04,0.6,-1.73,-1.95,-3.4,-4.78,-2.68
200707,-1.96,0.78,-1.1,-4.26,-5.9,-0.1,-1.02,-1.26,-3.15,-5.36,-4.03,-3.82,-5.48
200708,-3.73,-2.45,-3.55,1.83,-1.78,0.74,0.3,2.69,-0.8,1.4,2.3,1.93,0.89
200709,0.92,-0.17,-1.91,3.76,1.6,5.4,7.8,4.19,1.97,-0.72,3.58,3.57,2.68
200710,3.22,-2.22,-2.21,2.2,1.04,0.96,2.74,6.81,-2.29,1.07,1.44,6.69,-0.12
200711,1.8,0.25,-2.91,1.04,-8.72,-2.64,-4,-7.42,-6.75,-3.78,0.03,-0.69,-6.32
200712,-4.83,-2.8,-1,-1.11,-1.89,0.89,7.6,1.43,-0.2,-2.72,-4.07,0.89,-3.6
200801,-0.87,0.14,-0.59,-4.95,-5.94,-7.44,-9.34,-12.31,-7.66,-0.42,-4.56,-6.92,-1.98
200802,-6.36,-0.89,3.67,-0.22,-5.91,0.76,7.16,-3.7,-3.81,-4.85,-0.92,-3.01,-8.32
200803,-3.09,-0.27,-0.88,1.18,-4.14,0.04,-2.8,0.73,-0.21,1.88,-1.79,0.88,-1.73
200804,-0.93,0.79,0.14,-1.38,6.63,4.95,10.71,6.8,4.42,5.18,0.41,6.33,3.65
200805,4.6,-1.59,-0.96,3.67,1.75,3.31,4.37,5.4,4.8,1.05,1.63,3.57,-2.42
200806,1.86,3.05,-1.45,-7.37,-19.3,-9.32,2.91,-8.97,-11.05,-8.1,-3.01,-0.58,-14.82
200807,-8.44,1.22,-2.77,1.91,-0.21,-0.22,-15.69,-0.82,-3.01,1.15,6.76,-7.23,4.32
200808,-0.77,2.47,5.27,1.91,2.47,1.51,-0.17,2.36,4.09,5.38,1.79,-0.5,0.3
200809,1.53,3.54,1.45,-2.96,-9.19,-13.34,-12.46,-12.53,-12.7,-5.78,-5.95,-12.11,-6.8
200810,-9.24,-1.18,6.07,-12.19,-32.63,-20.75,-17.23,-18.25,-16.35,-15.12,-10.96,-11.07,-20.06
200811,-17.23,-2.52,-2.37,-6.73,-11.44,-7.82,-0.45,-11.22,-1.82,-7.68,-7.36,1.08,-12.1
200812,-7.86,-2.82,-6.31,0.3,1.3,1.41,-3.13,2.32,3.44,4.91,6.75,-2.08,1.38
200901,1.74,3.51,0.14,-3.63,-12.48,-9.23,-3.11,-3.14,-10.36,-7.62,-2.2,-0.81,-18.34
200902,-8.12,0.33,-11.12,-7.59,-12.82,-13.5,-11.95,-4.97,-7.14,-3.11,-9.92,-12.65,-14.01
200903,-10.1,0.23,-7.03,6.38,12.83,7.58,3.76,11.32,7.64,9.94,7.05,2.79,12.9
200904,8.95,0,3.4,4.78,42.63,17.51,5.2,12.37,10.43,9.56,-0.95,2.13,16.37
200905,10.18,5.14,5.21,6.76,-2.82,5.39,10.77,3.16,1.52,-0.9,6.26,4.66,7.75
200906,5.21,-2.63,0.49,0.34,3.71,-1.7,-4.84,4.36,1.63,-0.32,3.54,4.66,-1.92
200907,0.43,2.63,-2.62,7.44,18.43,11.41,5.31,8.28,5.42,6.75,5.52,4.35,8.91
200908,7.72,1.9,4.87,0.83,2.65,2.94,0.73,2.38,1.03,3.69,2.19,0.21,8.06
200909,3.33,-1.1,7.5,4.32,3.08,6.45,5.19,5.24,6.34,2.38,2.4,2.33,3.22
200910,4.08,2.41,0.89,-0.69,-0.25,-2.71,2.23,-1.38,-3.54,0.06,-3.67,-2.74,-5.23
200911,-2.59,-4.18,-4.03,3.82,9.46,7.6,3.17,4.98,6.49,5.04,8.22,4.51,5.75
200912,5.56,-2.48,-0.25,2.67,5.07,2.8,-0.55,5.89,6.25,1.97,2.45,5.86,1.23
201001,2.75,6.13,-0.11,-2.33,-0.87,-3.27,-4.73,-7.83,-6.84,-1.85,0,-4.5,-1.66
201002,-3.36,0.37,0.33,2.72,7.3,5.18,2.41,4.76,2.92,4.29,0.38,-0.43,3.39
201003,3.4,1.19,3.19,5.98,9.28,6.52,3.17,6.67,7.88,6.24,3.61,3.1,8.42
201004,6.31,1.44,2.11,-0.93,7.2,3.24,3.6,2.17,3.82,2.56,-2.23,2.86,2.16
201005,2,4.86,2.91,-5.68,-8.7,-8.31,-10.7,-7.67,-5.91,-5.34,-8.01,-6.31,-8.83
201006,-7.89,0.14,-2.39,-1.94,-10.31,-5.75,-6.41,-6.16,-4.33,-9.02,-1.63,-0.72,-7.66
201007,-5.57,-1.84,-4.52,7.37,15.02,9.58,7.74,7.5,9.74,4.62,2.14,6.79,7.49
201008,6.93,0.18,-0.36,-1.25,-9.48,-5.51,-3.38,-6.46,-2.23,-3.93,-1.66,0.41,-7.55
201009,-4.77,-3.02,-1.9,6.2,13.63,10.11,9.64,12.43,7.86,12.08,9.01,3.64,8.84
201010,9.54,3.93,-3.23,4.35,8.4,5.13,4.38,6.36,4.81,2.43,2,1.86,2.6
201011,3.88,1.07,-2.46,0.05,7.28,1.48,5.59,-0.81,-1.86,4.18,-3.34,-1.31,0.51
201012,0.6,3.78,-0.95,4.37,8.54,7.01,9.37,6.05,6.71,3.26,5.41,3.22,9.73
201101,6.82,0.68,3.64,-2.35,0.48,2.83,6.93,3.92,0.05,-0.88,-0.71,2.23,1.98
201102,1.99,-2.52,0.82,4.86,-1.4,3.43,7.65,2.31,7.59,2.27,3.33,2.43,2.67
201103,3.49,1.53,1.29,3.05,1.73,1.84,1.91,-1.59,1.77,1.1,2.3,0.91,-0.86
201104,0.46,2.58,-1.76,4.59,2.22,2.99,1.3,3.11,3.41,4.53,6.38,3.99,1.11
201105,2.9,-0.37,-2.43,1.93,-3.54,-2.15,-4.56,-1.66,0.77,0.83,1.97,1.3,-2.39
201106,-1.27,-0.58,-2.05,-1.01,-1.23,-0.59,-2.49,-2.33,-1.24,-0.89,-1.83,-0.34,-2.06
201107,-1.75,-0.11,-0.42,-0.43,-8.91,-4.7,0.51,-0.37,-5.03,-0.67,-3.65,-0.35,-3.76
201108,-2.35,-1.37,-0.88,-0.68,-12,-6.09,-10.11,-6.89,-5.45,-2.88,-3.1,0.14,-7.61
201109,-5.99,-3.03,-2.56,-4.86,-14.11,-11.03,-12.47,-4.82,-5.94,-3.89,-3.96,-1.63,-10.31
201110,-7.59,-3.35,-1.71,6.45,23.2,14.07,16.45,11.89,7.72,9.77,5.53,6.68,13.32
201111,11.35,3.32,0.13,1.4,-8.01,1.4,1.66,-1.99,0.05,1.1,1.27,0.99,-1.62
201112,-0.28,-0.14,-0.48,1.88,-1.16,-0.8,-0.59,-1.46,3.2,0.87,3.53,2.95,1.07
201201,0.74,-0.66,1.68,0.44,13.51,6.74,1.39,8.16,2.31,4.05,3.39,-2.71,6.77
201202,5.05,2.1,-0.9,3.97,6.02,3.83,6.56,6.73,5,3.19,1.23,1.25,3.86
201203,4.42,-1.84,0.46,3.91,0.92,0.7,-3.26,4.69,2.52,4.61,3.96,1.44,4.76
201204,3.11,-0.68,1.21,0.82,-6.98,-0.68,-1.71,-2.09,1.62,1,0.62,1.74,-1.71
201205,-0.85,-0.39,-0.77,-2.65,-8.15,-7.79,-10.73,-7.86,-1.05,-3.09,-3.29,-0.93,-7.2
201206,-6.19,0.16,-1.04,3.34,-5.51,1.22,5.85,2.85,7.04,2.11,6.8,3.4,4.76
201207,3.89,0.78,0.58,1.37,0.31,0.89,2.74,-0.52,4.07,1.26,1.65,3.73,-0.98
201208,0.79,-2.62,-0.05,0.21,4.11,3.31,2.4,4.53,1.08,2.7,0.97,-3.34,2.78
201209,2.55,0.47,1.12,0.88,3.58,1.63,3.58,1.58,4.81,1.97,4.71,2.17,3.8
201210,2.73,0.49,1.56,-1.71,5.91,-0.66,-1.79,-6.3,-2.3,-1.01,-1.89,1.05,0.65
201211,-1.76,-1.09,3.61,3.26,3.11,2.64,-1.51,1.89,0.06,1.42,1.5,-3.68,-0.03
201212,0.78,0.53,-0.83,-2.26,7.3,2.79,1.28,0.23,1.15,-1.09,-0.53,0.14,3.43
201301,1.18,1.45,3.53,5.1,3.54,6.03,7.67,2.51,4.96,5.57,8.07,5.08,6.95
201302,5.57,0.36,0.98,3.21,0.02,1.29,0.38,0.55,2.21,0.84,1.35,2.16,1.8
201303,1.29,-0.42,0.13,5.02,4.02,2.61,2.08,2.63,5.77,4.73,6.5,5.64,4.02
201304,4.03,0.75,-0.23,3.82,3.57,0.83,-1.35,0.52,4.21,2.66,2.58,5.05,0.84
201305,1.55,-2.4,0.53,-2.29,9.9,3.38,3.01,4.36,-1.7,2.22,1.63,-6.99,6.04
201306,2.8,1.66,2.61,0.07,-0.49,-2,-2.37,-2.83,2.18,-0.06,-1.36,0.79,-1.17
201307,-1.2,1.16,-0.09,2.92,8.98,5.96,5.02,5.98,3.77,5.91,7.87,4.58,5.44
201308,5.65,1.86,0.56,-3.91,-1.1,-1.9,-1.88,-0.03,-3.29,-4.22,-3.81,-4.41,-3.64
201309,-2.71,0.29,-2.66,1.94,6.43,5.31,1.91,3.88,4.09,4.5,4.01,1.04,3.8
201310,3.77,2.89,-1.15,4.75,0.89,4.47,4.77,3.96,5.59,5.08,3.82,3.34,3.78
201311,4.18,-1.53,1.21,1.3,1.97,2.89,0.93,3.51,0.52,3.64,4.5,-1.8,4.59
201312,3.13,1.19,0.29,2.41,1.13,3.05,2.98,4.19,3.7,0.29,0.65,1.79,3.1
201401,2.81,-0.59,-0.05,-5.7,-3.62,-4.24,-7.04,-1.15,-4,-6.46,1.65,2.49,-4.41
201402,-3.32,0.87,-2.02,3.46,7.92,5.36,5.7,5.24,2.77,5.33,6.47,3.07,3.45
201403,4.65,0.31,-0.36,3.26,-1.01,0.34,2.44,-0.84,0.07,-0.57,-2.56,2.68,2.29
201404,0.43,-1.85,4.9,1.42,0.27,0.87,5.65,-1.19,0.25,-0.94,-0.3,3.97,-1.62
201405,-0.19,-4.21,1.12,3.44,0.64,1.26,0.86,3.45,3.97,0.94,1.88,0,1.77
201406,2.06,-1.9,-0.12,1.17,4.38,1.38,4.16,2.98,1.6,1.28,2.86,5.41,2.14
201407,2.61,3.08,-0.67,-4.31,-4.63,-4.16,-3.6,0.32,0.46,-2.3,-0.34,-6.48,-2.18
201408,-2.04,-4.27,0.02,5.54,5.2,4.77,2.27,4.28,0.52,5.15,5.43,5.39,4.4
201409,4.24,0.36,-0.42,-0.08,-9.42,-2.37,-8.01,-1.3,-1.71,-1.43,-0.08,-3.4,-1.04
201410,-1.97,-3.73,-1.38,2.64,3.86,2.35,-4.44,1.31,1.41,3.03,5.76,6.69,3.27
201411,2.52,4.28,-1.8,4.79,4.74,2.23,-9.87,4.25,3.04,7.46,2.66,0.29,2.75
201412,2.55,-2.04,-3.07,-2.36,0.58,-0.18,0.41,-1.28,-1.74,1.59,-0.88,1.85,1.13
201501,-0.06,2.48,2.23,-0.55,-4.19,-3.86,-4.37,-3.29,-4.9,-0.3,1.56,1.18,-6.12
201502,-3.11,-0.51,-3.56,5.03,8.08,6.23,4.82,8.28,9.1,5.56,4.31,-4.37,6.86
201503,6.14,0.52,-1.81,-2.43,-0.4,-2.02,-2.67,-2.45,-2.21,0.7,0.84,-0.28,-0.75
201504,-1.12,3.02,-0.41,0.81,-0.93,-0.63,6.97,1.34,3.4,-2.18,-1.4,0.3,0.51
201505,0.59,-3.04,1.88,1.53,1.03,0.98,-5.08,2.05,0.81,0.92,4.88,-0.5,1.75
201506,1.36,0.89,-1.1,-1.32,-1.5,-1.88,-3.84,-3.51,-0.51,-0.6,0.08,-5.37,-0.35
201507,-1.53,2.85,-0.74,4.79,-2.17,-2.12,-8.99,2.41,1.41,4.78,3.66,2.61,2
201508,1.54,-4.09,-4.21,-4.18,-6.13,-5.58,-3.63,-5.85,-8.42,-5.34,-8.34,-4.01,-6.23
201509,-6.04,0.44,2.73,-0.62,-3.23,-4.22,-5.85,-1.46,-2.61,-1.81,-7.29,-0.56,-3.11
201510,-3.07,-2.61,0.39,6.64,6.86,9.3,12.34,10.04,8.85,4.52,7.72,2.07,6.5
201511,7.75,-1.98,-0.25,-0.98,1.94,0.49,1.08,1.21,-1.92,0.85,0.72,-3.45,1.17
201512,0.56,3.68,-0.49,0.79,-4.03,-2.71,-9.7,-2.49,-3.02,0.29,0.38,-2.36,-2.69
201601,-2.17,-2.86,-2.45,0.11,-12.53,-5.63,-4.64,-6.2,-0.36,-4.17,-9.4,4.62,-8.24
201602,-5.77,-3.36,2.01,0.58,4.09,3.48,-2.88,-0.95,1.17,0.05,-1.06,1.72,-0.08
201603,-0.08,0.83,-0.59,5,10.76,6.82,10.9,8.42,6.02,5.72,2.92,7.92,7.06
201604,6.96,0.82,1.11,0.3,1.46,2.27,9.11,-4.02,0.6,-0.6,3.56,-0.78,2.3
201605,0.92,0.69,3.28,0.72,-1.11,-0.69,-0.92,5.08,0.3,0.99,2.47,2.24,0.91
201606,1.78,-0.27,-1.6,4.68,-5.69,0.85,2.65,-1.9,3.12,0.84,0.14,7.37,-2.71
201607,-0.05,0.64,-1.4,-0.05,8.64,4.05,-2.79,7.81,2.29,3.49,6.01,-0.22,3.56
201608,3.95,2.6,-1.23,-0.61,0.29,1.53,1.4,1.88,-3.55,-1.44,-3.21,-3.92,3.36
201609,0.5,1.13,3.31,-2.51,-1.64,-0.21,2.93,2.39,0.54,-0.68,0.35,1.75,-1.25
201610,0.25,2.04,-1.21,-0.15,-3.58,-2.61,-2.92,-1.13,-2.83,-3.97,-7.44,-0.61,0.59
201611,-2.02,-4.43,4.07,-3.76,7.6,6.1,9.55,0.57,6.26,4.45,1.38,-2.84,11.27
201612,4.86,5.47,8.22,3.53,3.83,0.5,2.18,0.86,4.68,-0.42,0.85,3.64,2.94
201701,1.82,0.11,3.51,1.63,2.77,3.43,-4.32,4.7,3.4,1,2.21,1.09,1.02
201702,1.94,-1.06,-2.81,3.73,0.68,4.13,-2.37,4.97,-0.07,2.81,7.1,4.02,3.72
201703,3.57,-2.01,-1.79,0.89,0.05,0.16,-1.2,2.18,0.83,0.8,-0.15,0.32,-1.67
201704,0.17,1.17,-3.33,0.51,1.72,1.86,-2.84,2.79,-0.12,2.7,1.09,0.36,0.26
201705,1.09,0.72,-2.11,3.08,-0.52,1.33,-3.45,4.27,-1.92,1.61,-0.43,2.58,-0.42
201706,1.06,-2.61,-3.67,-0.98,3.51,1.28,-0.21,-2.11,-2.27,-1.9,5.56,-1.89,4.18
201707,0.78,2.15,1.45,-0.12,-1.12,2.16,2.11,3.78,5.3,0.06,0.53,2.96,1.44
201708,1.87,-1.47,-0.36,-1.71,-0.16,0.17,-5.17,3.04,-2.56,-1.66,1.79,2.15,-0.4
201709,0.16,-1.62,-2.19,-0.33,5.29,4.21,11.14,0.58,-1.68,2.5,1.5,-1.93,4.31
201710,2.51,4.47,3.14,0.1,1.2,2.85,0.29,6.86,-5.74,2.69,-2.24,3.05,2.03
201711,2.25,-1.95,0.12,4.1,-0.6,3.5,2.96,1.04,3.72,8,2.36,2.38,3.73
201712,3.12,-0.58,-0.09,2.01,-0.83,2.28,5.07,-0.22,4.59,2.44,-0.23,-4.96,1.43
201801,1.06,-1.29,0.17,1.91,2.54,4.21,2.82,7.58,3.18,9.4,6.38,-2.77,5.93
201802,5.58,-3.09,-1.32,-6.21,-6.02,-3.96,-10.88,-0.04,-7.32,-4.73,-3.9,-4.55,-3.32
201803,-3.65,0.3,-1.01,-1.07,-5.59,-2.14,2.99,-3.29,-2.52,-2.54,-2,3.14,-2.67
201804,-2.35,4.05,-0.12,-3.96,-0.13,-3.36,10.14,-0.14,-2.42,3.9,-0.28,2.79,0.44
201805,0.29,1.13,0.5,-0.51,2.95,2.57,3.49,6.92,-0.93,0.85,2.43,0.25,1.21
201806,2.65,5.28,-3.15,4.53,0.79,-0.95,0.56,-0.34,6.23,3.03,1.52,2.59,-1
201807,0.48,1.19,-2.31,2.8,-1.42,5.16,1.05,2.27,2.7,3.15,6.08,1.73,4.03
201808,3.19,-2.21,0.57,-1.07,-0.52,-0.23,-2.85,7.32,2.94,8.04,4.47,0.86,2.44
201809,3.44,1.15,-3.92,0.71,-3.67,1.38,3.46,-0.26,1.75,0.58,1.99,-0.55,-1.19
201810,0.06,-2.28,-1.63,-0.24,-3.21,-10.01,-12.06,-8.78,-0.53,-8.71,-8.84,-0.08,-6.62
201811,-7.68,-4.78,3.46,0.46,5.25,4.65,-2.39,-1.63,2.53,2.45,6.3,3.24,3.06
201812,1.69,-0.71,0.34,-11.23,-11.4,-8.7,-13.15,-8.13,-8.86,-9.05,-8.41,-4.81,-10.63
