Date,Mkt-RF,SMB,HML,SMALL LoBM,ME1 BM2,SMALL HiBM,BIG LoBM,ME2 BM2,BIG HiBM
196307,-2,-0.29,0.75,-1.0767,-0.6453,-1.1208,-0.0397,0.5459,-1.8676
196308,-0.39,-0.49,-0.94,4.4504,4.4599,5.7598,5.3905,4.6233,7.7192
196309,5.07,-1.02,1.82,-3.066,-0.4674,-1.9766,-1.0644,-1.7019,-1.8044
196310,-1.57,-0.31,0.17,1.1626,1.7174,2.7084,3.8443,1.2355,2.2246
196311,2.53,-0.57,-0.04,-2.8652,-1.2518,-0.3618,-0.248,-1.453,0.6578
196312,-0.85,-1.15,1.7,0.3544,0.5545,0.2025,2.0377,3.0376,2.0627
196401,1.83,-2.01,-0.06,0.7691,2.6731,3.9768,2.6875,2.7291,2.5448
196402,2.24,-0.18,1.53,1.5849,2.1222,4.1642,1.4255,1.6582,4.5586
196403,1.54,0.08,2.86,0.6106,4.1038,5.1609,0.9237,3.0113,3.1123
196404,1.41,0.94,3.37,-1.696,-0.3047,-1.4665,0.4175,1.2053,-1.124
196405,0.1,-1.32,-0.66,0.921,1.1713,2.0914,1.5115,1.1688,4.3262
196406,1.42,-0.94,1.99,1.3077,1.2494,2.0197,1.6682,1.3153,2.3891
196407,1.27,-0.27,0.72,1.5604,3.036,2.6545,1.9135,2.2886,2.2783
196408,1.74,0.26,0.73,-1.5072,-0.3842,-1.2173,-1.2295,-0.8238,-1.3754
196409,-1.44,0.11,0.07,3.3448,2.9054,3.6037,2.3738,3.5006,5.5627
196410,2.69,-0.53,1.72,1.0815,1.2867,2.3201,0.2716,1.8227,1.3373
196411,0.59,0.42,1.15,-0.1132,-0.3563,0.0785,0.4995,0.9192,-3.5961
196412,0,0.6,-1.95,0.3389,-0.8002,-1.5351,1.1216,-0.294,-2.0393
196501,0.03,-0.26,-2.52,6.9819,5.9117,6.6407,3.961,2.7936,4.6314
196502,3.54,2.72,0.16,3.698,3.4139,4.3201,0.6003,0.0347,0.2909
196503,0.44,3.5,0.16,0.9099,0.5819,1.5227,-1.1259,-1.6676,0.3708
196504,-1.34,1.81,1.05,3.0286,4.4247,5.3205,3.8043,2.4929,2.8693
196505,3.11,1.2,0.68,-0.1316,-0.8669,-1.3233,-0.2717,0.1046,-2.3406
196506,-0.77,0.06,-1.63,-9.8895,-8.8536,-8.5932,-4.5574,-4.9639,-4.7378
196507,-5.51,-4.36,0.56,2.5221,3.0984,4.0875,1.3343,1.6322,4.1297
196508,1.43,0.87,2.18,6.5969,5.0218,5.0927,2.9229,2.841,2.504
196509,2.73,2.81,-0.96,3.8169,3.835,3.8155,3.7694,2.2624,3.5859
196510,2.86,0.62,-0.09,5.941,5.4618,6.3147,2.7744,2.0364,5.4895
196511,2.6,2.47,1.54,3.9838,4.8801,4.709,0.0041,-0.1666,-0.2972
196512,-0.03,4.68,0.21,3.9448,3.4843,4.6346,0.8421,0.9142,4.0673
196601,1.01,2.08,1.96,4.4139,5.6319,6.9139,-0.2491,1.3035,4.269
196602,0.72,3.88,3.51,3.9304,3.1378,3.4968,-1.6213,-0.7961,-0.6484
196603,-1.21,4.54,0.27,-0.3617,-2.9833,-2.044,-1.5599,-2.6395,-4.0093
196604,-2.51,0.94,-2.07,5.7684,4.812,5.5394,2.4054,1.8047,1.5507
196605,2.14,3.45,-0.54,-10.0901,-9.972,-10.3267,-4.1394,-5.1533,-7.0464
196606,-5.66,-4.68,-1.57,0.8245,0.0327,-0.018,-2.0016,-0.0517,-0.1531
196607,-1.44,1.02,0.5,-2.2769,-1.6858,-0.7671,-1.6458,-0.5398,-1.1721
196608,-1.63,-0.46,0.99,-11.0713,-9.806,-10.4455,-7.63,-6.6426,-7.3849
196609,-7.91,-3.22,0.44,-2.0082,-0.9552,-1.5018,-0.9876,0.1932,-0.5054
196610,-1.06,-1.06,0.49,-3.8969,-0.2031,-0.0697,3.3118,7.1703,5.1947
196611,3.86,-6.62,2.86,7.5145,4.5942,2.7363,3.7109,-0.9993,-0.5612
196612,1.4,4.23,-4.53,3.4322,2.6192,0.6885,-0.3486,1.4116,-0.1645
196701,0.13,1.95,-1.28,17.5311,16.366,17.7266,7.9167,6.3368,12.6306
196702,8.15,8.25,2.45,4.5547,3.0019,3.1351,1.9899,-0.3277,-0.8887
196703,0.78,3.31,-2.15,5.8708,6.4788,5.6456,4.3169,3.6047,5.461
196704,3.99,1.54,0.46,5.5954,3.8223,3.413,5.9967,1.7901,3.1401
196705,3.89,0.63,-2.52,-1.5246,-1.1647,-2.2875,-4.9518,-3.6673,-2.1994
196706,-4.33,1.95,0.99,9.5563,7.9934,8.3513,1.4807,1.9897,4.5906
196707,2.41,5.95,0.95,6.9552,7.6439,10.156,4.9096,3.4693,7.306
196708,4.58,3.02,2.8,-0.4316,0.8942,0.4312,-0.7451,-0.9227,1.1666
196709,-0.89,0.47,1.39,6.8718,5.3287,4.677,3.8156,2.677,1.0491
196710,3.11,3.11,-2.48,-0.774,-2.2586,-3.4941,-1.5084,-3.738,-5.5464
196711,-3.09,1.42,-3.38,1.3083,1.3591,-0.8293,1.088,0.2927,-0.178
196712,0.37,0.21,-1.7,10.964,7.5313,8.1637,2.1463,3.2459,4.044
196801,3.05,5.74,-0.45,-1.4959,0.8579,3.4097,-6.1524,-1.2539,-1.4731
196802,-4.06,3.88,4.79,-7.477,-5.0551,-5.0851,-3.3022,-2.1119,-3.332
196803,-3.75,-2.96,1.18,-0.7593,-1.0539,-0.552,1.8221,-0.7169,0.3842
196804,0.2,-1.28,-0.62,17.2872,14.3462,13.254,10.2331,5.369,11.9879
196805,9.05,5.77,-1.14,9.7386,8.3438,8.8497,2.458,0.1493,5.0613
196806,2.28,6.42,0.86,-0.2357,1.4903,1.4466,-0.0109,3.5887,-0.3316
196807,0.69,-0.18,0.68,-5.6338,-2.5044,0.2537,-4.5138,0.126,0.4089
196808,-2.72,-1.3,5.41,3.8866,3.4835,4.655,1.1297,1.4708,2.3831
196809,1.34,2.35,1.01,7.354,6.794,6.5425,3.3244,4.2897,4.7868
196810,4.03,2.76,0.33,-0.5367,2.0667,1.322,-0.6301,1.7051,3.2164
196811,0.42,-0.48,2.85,8.5463,8.2685,6.7536,5.5059,5.5179,5.5018
196812,5.43,2.35,-0.9,0.3114,-0.5043,-1.1012,-4.8693,-3.2611,-3.4469
196901,-3.94,3.43,0,-1.7715,-1.0703,-0.7027,-1.8122,0.134,0.4467
196902,-1.25,-0.77,1.66,-10.3101,-8.1991,-7.508,-3.9565,-5.3261,-5.0357
196903,-5.84,-3.9,0.86,3.1256,2.1639,3.1777,3.8935,2.5399,2.8058
196904,2.64,-0.26,-0.52,0.8069,1.981,1.1077,3.2355,0.4067,2.8683
196905,1.46,-0.87,-0.03,-0.3011,0.8552,0.0729,-0.1795,0.7259,0.873
196906,-0.1,-0.26,0.71,-12.1767,-11.2335,-10.9359,-3.4192,-7.8957,-6.8579
196907,-7.18,-5.39,-1.1,-11.2056,-9.3964,-7.4504,-4.7782,-7.5776,-6.0924
196908,-7,-3.2,1.22,7.469,5.1705,3.8384,6.6874,4.3467,2.6554
196909,4.68,0.93,-3.83,-0.4187,-2.1647,-2.7839,-0.5988,-3.544,-4.766
196910,-2.98,1.18,-3.27,10.8714,7.9188,7.2836,6.2235,4.6078,3.7343
196911,5.06,3.84,-3.04,-5.4777,-5.2438,-6.4138,-2.1679,-3.8128,-3.5242
196912,-3.79,-2.54,-1.15,-4.916,-5.7387,-6.3474,0.2211,-1.9141,-4.3466
197001,-2.63,-3.65,-3,-6.1245,-5.1186,-2.249,-8.0711,-8.5067,-5.6418
197002,-8.1,2.91,3.15,2.5726,3.5737,6.1782,3.6362,7.8447,8.0638
197003,5.13,-2.41,4.02,-5.1179,-1.231,0.0775,-1.8955,1.5024,1.0884
197004,-1.06,-2.32,4.09,-20.6361,-14.0127,-11.244,-10.5827,-9.4876,-7.5503
197005,-11,-6.09,6.21,-11.2118,-10.6876,-8.0728,-7.946,-4.1753,-4.2226
197006,-6.92,-4.54,3.43,-8.7627,-7.1443,-6.0305,-5.4278,-3.1428,-6.9597
197007,-5.79,-2.14,0.6,7.3875,6.9998,6.7216,5.1859,9.6879,7.8725
197008,6.93,-0.55,1.01,6.2555,7.06,6.4905,4.0366,5.3464,5.8435
197009,4.49,1.53,1.02,17.2408,10.5265,9.3846,7.265,0.3313,3.8656
197010,4.18,8.56,-5.63,-6.8805,-6.9104,-4.1431,-0.6127,-1.6183,-2.8593
197011,-2.28,-4.28,0.25,0.2792,2.2012,2.428,5.1437,5.6425,6.3271
197012,4.6,-4.07,1.67,7.9714,9.6557,9.2484,5.3251,6.7776,5.7722
197101,5.72,3,0.86,10.5742,12.8347,12.5927,4.7103,3.8165,5.3581
197102,4.84,7.37,1.33,4.444,3.4459,2.4054,2.3918,0.3145,1.998
197103,1.41,1.86,-1.22,8.9354,4.9925,4.6614,5.9258,3.0762,2.074
197104,4.13,2.5,-4.06,3.0757,3.8812,3.3266,4.0073,2.5907,5.177
197105,3.15,-0.5,0.71,-4.1404,-5.497,-5.2544,-2.756,-4.1981,-4.5989
197106,-3.98,-1.11,-1.48,0.34,-1.5848,-2.0783,1.173,-0.1624,-0.0553
197107,-0.1,-1.43,-1.82,-6.8818,-4.3078,-5.8753,-4.1921,-3.5106,-4.866
197108,-4.5,-1.5,0.17,4.4373,3.6992,6.5994,5.5529,1.2015,8.5091
197109,3.79,-0.18,2.56,0.8146,-0.8604,-2.0301,0.3948,-1.2223,-2.5307
197110,-0.85,0.43,-2.89,-6.2388,-4.322,-6.5231,-3.8632,-3.4938,-4.3227
197111,-4.42,-1.8,-0.37,-2.9143,-2.2635,-4.0974,0.8792,-0.3505,-1.403
197112,-0.46,-2.8,-1.73,13.5985,11.1573,12.1921,9.026,8.4282,9.611
197201,8.71,3.29,-0.41,9.2012,6.7915,10.4858,2.6684,0.3557,5.2441
197202,2.49,6.07,1.93,4.8424,3.0295,2.7685,4.4638,1.0486,0.9371
197203,2.87,1.4,-2.8,1.545,-0.1343,-0.5419,2.2149,-1.3804,0.9413
197204,0.63,-0.3,-1.68,0.3803,1.159,0.4481,0.7181,0.108,1.1216
197205,0.29,0.01,0.24,-1.7724,-1.3324,-2.7063,3.0166,0.9051,-1.5032
197206,1.25,-2.74,-2.73,-3.3006,-2.5635,-3.2232,-1.0201,-2.7737,-6.3066
197207,-2.43,0.34,-2.6,-5.1879,-3.0932,-2.0206,0.5939,-1.1612,-1.1493
197208,-0.8,-2.86,0.71,-0.8531,2.0182,2.5042,1.4429,7.0612,7.3698
197209,3.26,-4.07,4.64,-3.518,-2.6599,-3.1597,-0.4657,-1.0465,0.1991
197210,-1.14,-2.67,0.51,-2.5601,-0.1688,-1.0487,0.4995,2.2806,1.5884
197211,0.52,-2.72,1.3,3.621,5.798,6.4442,2.9413,6.5453,9.7485
197212,4.6,-1.12,4.82,-0.9776,-1.0497,-2.2661,2.6455,-0.7847,-0.5468
197301,0.62,-1.87,-2.24,-7.8472,-5.1043,-3.6872,-2.6074,-2.1848,-1.4221
197302,-3.29,-3.47,2.67,-11.2245,-7.6592,-5.8702,-2.9772,-4.9153,-4.9026
197303,-4.85,-3.99,1.71,-4.1194,-2.6439,-1.2383,-1.3218,0.4973,1.2495
197304,-1.3,-2.81,2.73,-11.5845,-5.3693,-5.0098,-6.1004,-2.5283,-1.4411
197305,-5.68,-3.96,5.62,-10.2604,-7.1297,-7.3392,-0.9359,-2.0453,-3.3646
197306,-2.94,-6.13,0.25,-5.351,-2.8949,-2.6798,-0.9258,-0.355,-0.853
197307,-1.56,-2.93,1.37,18.3031,10.1965,9.0334,6.361,2.2833,4.9829
197308,5.05,7.97,-5.32,-3.8775,-5.2814,-4.0385,-3.3284,-2.9852,-0.5228
197309,-3.82,-2.12,1.32,10.8841,9.6867,8.6138,2.2546,9.1962,8.5361
197310,4.75,3.07,2.01,-2.4405,0.1981,0.9555,-0.1849,-0.3823,0.477
197311,-0.83,-0.4,2.03,-22.6564,-17.8185,-16.1739,-12.5208,-10.002,-11.1823
197312,-12.75,-7.65,3.91,-2.3139,-2.2879,-1.3666,-1.3357,5.5907,5.526
197401,0.61,-5.25,3.9,7.4766,10.2374,13.7716,-1.0405,-1.1006,4.6429
197402,-0.17,9.66,5.99,0.035,0.4761,1.9063,-1.1101,1.1915,2.7333
197403,-0.47,-0.13,2.86,-0.4384,-0.6524,0.4368,-1.8057,-3.3887,-3.2324
197404,-2.81,2.59,-0.28,-6.3541,-5.8975,-3.6558,-3.5684,-5.8549,-4.3661
197405,-5.29,-0.71,0.95,-7.0392,-8.0218,-6.8355,-1.6436,-5.1494,-6.0084
197406,-4.68,-3.03,-2.08,-3.2436,-2.5638,-1.0976,-2.0515,-1.7303,-2.6403
197407,-2.83,-0.16,0.78,-6.6183,-4.2468,-2.9919,-9.4335,-4.4055,-2.7839
197408,-8.05,0.92,5.14,-9.4649,-7.9662,-7.4409,-10.0776,-5.6487,-7.1108
197409,-9.35,-0.68,2.5,-11.7615,-7.0497,-7.2908,-13.6776,-6.066,-7.1702
197410,-11.77,0.27,5.49,14.435,7.6359,7.9434,21.3957,11.2576,7.9021
197411,16.1,-3.51,-9.99,-5.1426,-4.3475,-5.5043,-4.0321,-3.4626,-3.9813
197412,-4.51,-1.17,-0.16,-7.1183,-5.5941,-7.7423,-3.2633,-0.0309,-2.6419
197501,-3.45,-4.84,0,24.4571,26.822,30.5646,10.5497,16.9433,21.3261
197502,13.66,11.01,8.44,6.7129,3.1748,3.6833,8.1963,2.7863,2.1044
197503,5.56,0.16,-4.56,7.648,6.8648,8.3489,2.8911,1.5542,7.1649
197504,2.66,3.75,2.49,6.5169,3.3116,3.1667,5.6844,2.1014,6.8207
197505,4.23,-0.54,-1.11,10.222,6.8458,6.8985,5.6654,5.856,0.9491
197506,5.19,3.83,-4.02,6.968,7.4171,6.2531,4.3148,6.3601,7.6772
197507,4.83,0.76,1.32,-3.0051,-2.3885,-2.5578,-7.494,-3.98,-4.543
197508,-6.59,2.69,1.7,-4.5322,-4.331,-6.6298,-2.2363,-1.6368,-2.0301
197509,-2.85,-3.2,-0.95,-3.9912,-3.3516,-3.4483,-3.9177,-2.7162,-3.7902
197510,-4.26,-0.12,0.34,1.248,3.4946,1.9748,6.5249,5.8184,6.4848
197511,5.31,-4.04,0.34,1.3389,2.4071,3.7902,3.0319,3.5588,4.5056
197512,2.64,-1.19,1.96,-1.5618,-0.3129,-0.851,-1.8073,0.3716,0.9543
197601,-1.6,-0.75,1.74,14.9679,18.4289,24.7458,10.8017,14.5477,18.3284
197602,12.16,4.82,8.65,6.5662,7.3538,12.3109,-1.3227,1.8413,4.635
197603,0.32,7.03,5.85,1.3192,1.5093,1.7702,2.8537,2.9455,2.2491
197604,2.32,-1.15,-0.08,-0.9139,-0.9825,-1.161,-1.5956,0.2514,-1.6193
197605,-1.49,-0.03,-0.14,-0.9023,-1.9966,-3.5788,-0.6182,-1.5689,-0.5348
197606,-1.34,-1.25,-1.3,3.9362,3.6734,3.8372,4.4744,5.1444,5.878
197607,4.05,-1.35,0.65,-1.0849,0.7067,0.6847,-1.2132,0.2627,0.3881
197608,-1.07,0.29,1.69,-3.4821,-1.3472,-1.2681,-0.3102,1.1942,-0.9139
197609,-0.56,-2.02,0.81,3.4911,2.4445,2.2913,2.1759,3.16,2.8993
197610,2.07,0,-0.24,-2.6723,-1.4771,-2.089,-2.4707,-1.1725,-3.3552
197611,-2.42,0.25,-0.15,3.6492,3.1782,3.8926,-0.7328,2.4415,2.0466
197612,0.36,2.32,1.51,9.6061,9.5655,10.0231,4.7862,6.6399,8.7706
197701,5.65,3,2.2,0.7942,2.2136,3.2009,-6.308,-1.584,-0.2155
197702,-4.05,4.77,4.25,-0.9698,-1.1897,0.1037,-1.8822,-1.4935,-1.918
197703,-1.94,1.08,0.52,0.2845,0.6845,0.2546,-1.6461,-0.6174,0.4974
197704,-1.37,1,1.06,1.1033,1.2638,2.5394,-1.1191,2.0253,4.3186
197705,0.15,-0.11,3.44,-0.7746,0.1265,0.7097,-1.7848,-0.0838,-1.5795
197706,-1.45,1.17,0.84,7.5298,6.1518,6.9952,5.6706,3.7338,4.8443
197707,4.71,2.14,-0.68,0.0832,0.0251,0.5394,-1.4853,-1.0328,-3.1512
197708,-1.69,2.11,-0.6,0.7247,-0.8256,-1.4779,0.3165,-3.443,-3.0037
197709,-1.75,1.52,-2.76,1.6383,1.7962,0.5914,-0.6878,1.0343,-0.6705
197710,-0.27,1.45,-0.51,-3.8623,-2.0632,-1.5696,-4.3481,-3.7539,-3.1833
197711,-4.38,1.26,1.73,8.2782,7.3441,8.1343,4.0327,3.8049,4.7539
197712,4,3.72,0.29,3.2399,1.4813,1.5577,0.2121,0.8753,1.1385
197801,0.27,1.35,-0.38,-4.6823,-2.8495,-1.1967,-6.4202,-5.6709,-3.2811
197802,-6.01,2.21,3.31,1.6193,2.5607,2.4744,-2.5106,0.3485,-1.942
197803,-1.38,3.59,0.71,6.3896,6.625,7.129,2.1706,3.6348,3.8838
197804,2.85,3.48,1.23,9.9433,7.5539,7.1108,11.0822,5.5004,6.7901
197805,7.88,0.41,-3.56,7.1577,5.8029,5.8587,1.9635,1.0951,2.0742
197806,1.76,4.56,-0.59,-0.9265,1.0919,0.3737,-1.3823,-1.5747,-1.5871
197807,-1.69,1.69,0.55,7.0118,4.96,5.7423,6.8149,4.1881,5.9198
197808,5.11,0.26,-1.08,8.2497,8.1963,8.7144,3.6438,4.3026,2.0308
197809,3.75,5.06,-0.57,-1.8488,-0.3837,-0.5871,-2.538,0.9711,-0.0593
197810,-1.43,-0.4,1.87,-23.1201,-18.4169,-18.6584,-9.9143,-9.0691,-11.5816
197811,-11.91,-9.88,1.4,8.8487,5.0243,4.4019,2.9563,3.2609,3.026
197812,2.71,3.01,-2.19,3.0602,1.8849,1.9701,2.8513,0.7208,-0.4034
197901,0.88,1.25,-2.17,8.5144,7.9616,9.5754,3.2314,5.0996,6.745
197902,4.23,3.66,2.29,-3.4385,-2.2377,-1.9085,-3.6366,-2.4471,-2.8435
197903,-3.56,0.45,1.16,11.6363,8.36,8.4871,5.7551,5.6406,7.5316
197904,5.68,3.19,-0.69,1.6703,2.9777,3.3134,0.2735,0.5177,0.6392
197905,-0.06,2.18,1,-2.6334,-0.7679,-0.5496,-1.8494,-1.2511,-1.3339
197906,-2.21,0.16,1.3,5.732,5.9024,6.171,3.2111,5.4269,5.6676
197907,3.85,1.17,1.45,1.992,4.0458,3.099,0.5975,1.7624,2.9835
197908,0.82,1.26,1.75,9.0274,7.413,7.3556,6.7144,5.4528,5.3443
197909,5.53,2.09,-1.52,0.7755,-1.0745,-1.0473,-0.8264,0.9801,-0.7374
197910,-0.82,-0.25,-0.87,-9.2425,-10.5588,-11.3229,-6.7422,-6.0602,-8.2863
197911,-8.1,-3.35,-1.81,10.9805,6.8771,6.7536,6.5983,5.6775,4.0668
197912,5.21,2.76,-3.38,8.1948,5.1727,5.148,2.941,1.0908,1.9077
198001,1.79,4.19,-2.04,7.9577,7.6888,8.4694,4.934,6.3643,7.855
198002,5.51,1.65,1.72,-0.3811,-2.9717,-2.6325,-3.1357,2.2004,0.4348
198003,-1.22,-1.83,0.66,-19.3055,-16.0583,-17.3269,-9.016,-10.7042,-13.0343
198004,-12.9,-6.65,-1.02,6.1177,6.4729,5.8284,3.8035,5.6125,6.1152
198005,3.97,0.96,1.01,8.1112,7.8309,8.1212,5.7105,5.4163,6.4692
198006,5.26,2.16,0.38,5.2751,4.4408,4.2883,3.1208,3.4927,2.4025
198007,3.06,1.66,-0.85,13.2587,9.6254,7.2207,9.2997,5.2893,2.7511
198008,6.49,4.25,-6.29,8.4792,4.9652,3.6362,2.1976,1.3933,1.7589
198009,1.8,3.91,-2.64,5.2755,2.931,0.8533,4.1663,3.2452,-0.9598
198010,2.19,0.87,-4.77,5.8175,2.3555,3.0394,1.8349,2.8734,-0.927
198011,1.06,2.48,-2.77,12.5739,4.4511,2.5914,11.6268,13.477,4.8828
198012,9.59,-3.46,-8.36,-5.3377,-1.7657,-1.3409,-2.1916,-4.697,-0.7368
198101,-4.52,-0.27,2.73,-3.7662,0.7822,2.2601,-6.0007,-5.3947,1.639
198102,-5.04,3.01,6.83,-0.6904,2.3739,2.7803,2.8002,1.289,1.334
198103,0.57,-0.32,1,7.6697,8.0235,7.6466,3.8301,3.5593,5.2236
198104,3.56,3.58,0.69,2.5417,3.5657,3.8629,-2.198,-2.1497,1.0641
198105,-2.11,4.42,2.29,5.0207,2.837,1.7096,0.8551,-0.5066,3.2216
198106,0.11,2,-0.47,-5.7304,0.7604,1.2999,-3.2195,2.1039,-0.0549
198107,-2.36,-0.83,5.1,-2.7387,-2.3874,-1.6583,1.3885,-0.5691,-1.0541
198108,-1.54,-2.18,-0.68,-9.9965,-5.9237,-4.6919,-6.8185,-5.4809,-2.4474
198109,-7.04,-1.96,4.84,-10.273,-6.5227,-4.8844,-6.3688,-5.9843,-1.3527
198110,-7.17,-2.66,5.2,10.4655,6.6744,5.7766,8.1493,3.9564,4.3999
198111,4.92,2.14,-4.22,0.8886,4.9034,4.6053,4.0745,5.0811,4.138
198112,3.36,-0.97,1.89,-2.3796,-0.9323,-1.5037,-3.1208,-2.7162,-2.4951
198201,-3.65,1.17,0.75,-4.8804,-3.3077,-0.8243,-1.8884,-3.6714,0.4261
198202,-3.24,-1.29,3.19,-7.4855,-3.0412,-0.7483,-7.4109,-3.3638,-1.9469
198203,-5.86,0.48,6.1,-2.2045,-0.4221,1.4825,-1.9557,-0.5289,1.9291
198204,-1.87,-0.2,3.79,6.4942,5.7221,4.1185,5.7333,3.5043,2.5752
198205,3.27,1.51,-2.77,-3.5442,-2.2941,-0.965,-3.4707,-2.2853,-2.453
198206,-3.99,0.47,1.8,-3.6131,-1.5731,-1.3809,-2.5236,-1.16,-1.6734
198207,-3.09,-0.4,1.54,-2.3628,-0.5904,-1.0567,-0.6307,-4.1458,-1.6917
198208,-3.19,0.82,0.12,8.1628,8.8939,8.1555,11.3459,12.7877,13.3486
198209,11.14,-4.09,1,2.6596,4.7112,5.2588,1.9561,2.0002,0.0139
198210,1.29,2.89,0.33,15.9413,13.1697,11.6354,12.8432,11.1546,9.6909
198211,11.3,2.35,-3.73,9.866,8.6032,9.2287,7.1071,2.3298,3.9592
198212,4.67,4.77,-1.89,1.3262,1.1936,0.8069,1.1378,1.1496,1.607
198301,0.55,-0.19,-0.03,9.6029,5.5969,4.9041,2.8091,3.2976,5.8897
198302,3.6,2.7,-0.81,4.2499,6.6185,7.0768,3.6547,2.3565,2.2234
198303,2.59,3.24,0.7,2.6373,6.4006,6.2163,2.4811,4.4888,3.0031
198304,2.82,1.76,2.05,7.8996,7.9213,7.6219,5.7223,9.0223,7.1267
198305,6.67,0.52,0.56,7.9534,5.3834,4.9963,-0.1798,0.1227,-0.0677
198306,0.52,6.15,-1.42,5.7152,4.3434,2.3461,5.2791,3.6625,0.7795
198307,3.07,0.89,-3.93,-5.8312,-0.07,1.2817,-5.195,-2.7042,-1.0861
198308,-4.07,1.46,5.61,-4.8247,-2.8132,-0.3167,-1.3215,0.9676,5.2949
198309,-0.5,-4.3,5.56,0.0744,2.5268,3.9753,2.5816,1.4622,0.8504
198310,0.91,0.56,1.08,-9.0605,-4.3548,-2.2027,-3.5868,-0.9153,-0.3044
198311,-3.44,-3.6,5.07,4.7415,4.1692,4.3756,2.8141,2.4615,1.9064
198312,2.16,2.03,-0.64,-3.1765,-0.4187,0.2015,-0.6756,-1.1446,-0.6935
198401,-1.78,-0.29,1.68,-4.2205,-0.2725,2.0822,-5.3208,0.5829,3.6219
198402,-1.92,-0.43,7.62,-6.9757,-4.9963,-3.5576,-4.7417,-4.2066,-1.4438
198403,-4.82,-1.71,3.36,0.1246,1.3782,2.301,1.5738,1.5919,0.4112
198404,0.63,0.08,0.51,-1.205,0.0324,-0.0152,0.4552,0.1732,1.8025
198405,-0.51,-1.21,1.27,-5.9758,-4.7903,-4.395,-4.8086,-4.5694,-5.8792
198406,-5.97,0.03,0.26,4.5523,2.0683,1.0699,4.4116,1.5686,2.6595
198407,1.82,-0.32,-2.62,-5.5703,-2.9916,-3.2976,-0.9989,-1.8794,-2.3168
198408,-2.74,-2.22,0.48,13.4205,10.3044,9.4634,11.1426,11.387,11.4553
198409,10.28,-0.27,-1.82,-2.7366,1.4631,2.2947,-2.3824,-0.4156,3.2338
198410,-0.8,0.2,5.32,-2.2415,-0.2988,0.0335,0.7593,0.8321,-0.4861
198411,-0.84,-1.2,0.51,-4.5249,-0.3253,0.3778,-2.251,-1.3182,0.9992
198412,-1.76,-0.63,4.08,2.0517,1.6538,2.1128,2.6999,2.6696,2.242
198501,1.84,-0.6,-0.2,15.019,9.9635,8.7253,10.1197,8.1257,5.5995
198502,7.99,3.29,-5.41,2.9428,2.8333,1.7211,1.2935,1.6786,2.2473
198503,1.22,0.76,-0.13,-3.3055,-1.1897,1.3735,-1.2966,-0.5893,2.2254
198504,-0.84,-1.15,4.1,-2.0343,0.0943,1.6696,-1.8105,-0.8173,1.9304
198505,-0.96,0.14,3.72,4.2388,4.0643,3.2833,6.0886,7.0333,5.2021
198506,5.09,-2.25,-0.92,1.4124,2.5273,2.4184,1.4801,1.924,1.4683
198507,1.27,0.5,0.5,2.7231,2.5364,1.0365,0.2083,-0.9611,-1.4601
198508,-0.74,2.84,-1.68,-2.0368,0.0202,0.2432,-1.5225,-0.0847,0.8278
198509,-1.02,-0.33,2.32,-7.288,-4.2557,-4.1635,-3.8594,-2.7039,-4.3703
198510,-4.54,-1.59,1.31,3.2146,3.6768,3.2856,4.0057,5.3782,5.4984
198511,4.02,-1.57,0.78,7.7524,7.0228,6.3052,9.074,6.573,4.7607
198512,6.48,0.22,-2.88,4.9399,4.1497,3.2557,5.7717,3.6276,4.4171
198601,3.88,-0.49,-1.52,2.3013,1.5114,2.5748,0.7669,0.4277,1.5366
198602,0.65,1.22,0.52,7.3419,7.1964,6.744,8.0018,8.2468,6.8929
198603,7.13,-0.62,-0.85,4.22,5.395,5.2071,6.2313,5.7958,4.357
198604,4.88,-0.52,-0.44,2.2673,1.2769,0.433,0.5572,-1.804,-3.3236
198605,-1.31,2.85,-2.86,3.3642,5.2669,3.4434,5.4296,5.5472,5.07
198606,4.62,-1.32,-0.14,-0.0679,0.9731,1.8963,1.8221,1.1779,2.5774
198607,1.03,-0.93,1.36,-10.7032,-8.7444,-5.726,-7.2043,-5.1339,-2.6545
198608,-6.45,-3.39,4.76,2.1901,3.5365,4.4877,4.7422,8.6236,9.4473
198609,6.07,-4.2,3.5,-8.2112,-4.8044,-4.8001,-10.069,-7.3658,-7.1599
198610,-8.6,2.26,3.16,4.3695,2.8482,1.7709,5.6468,5.2913,5.5049
198611,4.66,-2.48,-1.37,0.0876,-0.6171,0.4662,2.1294,2.0608,1.4921
198612,1.17,-1.92,-0.13,-3.0478,-3.0799,-1.9635,-2.3768,-3.0551,-2.9221
198701,-3.27,0.09,0.27,12.6674,10.8824,9.0739,13.8835,13.2543,10.9653
198702,12.47,-1.83,-3.26,9.6012,6.7515,5.0424,7.4154,3.4815,0.0428
198703,4.39,3.49,-5.97,1.2461,2.7243,3.6895,1.716,2.2723,2.5045
198704,1.64,0.39,1.62,-2.6588,-3.0393,-3.6764,-1.8092,-0.9866,-1.4797
198705,-2.11,-1.7,-0.34,-0.2914,-0.0178,0.7521,1.3662,-0.1041,0.7692
198706,0.11,-0.53,0.22,1.4703,3.2477,3.501,4.6965,5.3915,4.6837
198707,3.94,-2.18,1.01,2.1862,3.2683,5.3606,5.5855,3.4914,3.7571
198708,3.85,-0.67,0.67,2.9036,3.747,2.9865,4.6748,4.3695,2.7442
198709,3.52,-0.72,-0.92,-2.5556,-1.2714,-1.4034,-1.9436,-2.2765,-2.565
198710,-2.59,0.52,0.27,-32.4236,-27.9287,-27.7086,-23.1531,-20.2032,-19.4692
198711,-23.24,-8.41,4.2,-6.6815,-4.0069,-3.4113,-8.7884,-7.8368,-5.8068
198712,-7.77,2.78,3.13,9.2865,6.9471,4.631,9.1687,6.377,4.9294
198801,6.81,0.13,-4.45,2.2218,4.8707,6.2758,2.0525,5.6668,7.9771
198802,4.21,-0.78,4.99,8.4398,7.9696,7.1324,5.4123,4.5956,3.473
198803,4.75,3.35,-1.62,3.6934,3.9615,3.2707,-3.0781,-3.2204,-1.2173
198804,-2.27,6.15,0.72,1.3469,1.9725,2.55,-0.6483,2.0859,1.5508
198805,0.56,0.96,1.7,-2.9836,-1.7367,-0.4338,0.0117,0.6304,2.114
198806,-0.29,-2.64,2.33,7.7356,6.8083,6.3479,4.7797,5.6218,3.9799
198807,4.79,2.17,-1.09,-2.3172,-0.2547,0.3163,-1.539,-0.2824,0.2339
198808,-1.25,-0.22,2.2,-4.1209,-1.6598,-1.3949,-2.8763,-3.127,-1.356
198809,-3.31,0.06,2.12,2.6312,3.0537,2.7014,5.0695,3.4711,3.6335
198810,3.3,-1.26,-0.68,-2.05,-0.0113,0.5872,2.2705,1.933,3.0337
198811,1.15,-2.9,1.7,-3.8522,-2.6113,-2.5999,-1.6852,-1.8554,-0.3381
198812,-2.29,-1.73,1.3,4.0078,3.9609,2.9482,2.769,1.5733,0.7443
198901,1.49,1.94,-1.54,4.3616,4.5195,5.3753,7.0719,6.5742,7.0291
198902,6.1,-2.14,0.49,0.4551,0.8429,1.2585,-2.3386,-2.0583,-1.3437
198903,-2.25,2.77,0.9,2.586,2.9665,3.4429,2.5152,1.6484,2.6064
198904,1.57,0.74,0.47,4.7605,4.3811,3.9054,6.0028,4.7736,4.023
198905,4.33,-0.58,-1.42,4.7442,3.6565,3.7815,4.8089,3.5536,3.9659
198906,3.35,-0.05,-0.9,-3.1577,-0.7417,0.0091,-0.9621,-0.3309,0.4033
198907,-1.35,-1,2.27,4.4574,4.1197,3.3873,10.6775,7.1918,6.1742
198908,7.2,-4.03,-2.79,2.6058,2.8665,2.5507,1.1157,2.9531,2.434
198909,1.44,0.51,0.63,1.3869,0.0187,-0.8449,0.4595,-0.8329,0.1851
198910,-0.76,0.25,-1.25,-5.0851,-5.7675,-6.389,-1.4268,-3.824,-2.2532
198911,-3.67,-3.25,-1.07,0.7186,0.6537,-0.1017,2.3018,1.7803,0.9914
198912,1.03,-1.27,-1.07,0.1708,-0.4816,-0.233,1.6534,2.5132,2.4801
199001,1.16,-2.4,0.21,-9.2026,-7.6987,-7.9002,-7.4995,-6.2782,-7.2429
199002,-7.85,-1.26,0.78,3.2016,2.6801,2.2826,0.3427,2.21,2.5633
199003,1.11,1.02,0.65,4.3861,4,2.1499,4.174,1.3624,0.3513
199004,1.83,1.55,-3.03,-2.962,-3.0225,-4.3951,-0.9601,-3.4409,-4.4743
199005,-3.36,-0.5,-2.47,8.4938,6.5495,4.1357,10.8186,8.6364,7.3994
199006,8.42,-2.56,-3.89,1.1483,0.4433,-0.0619,1.2276,-2.439,-1.5331
199007,-1.09,1.42,-1.99,-4.5015,-3.6972,-4.3373,-1.2955,0.0396,-1.6799
199008,-1.9,-3.2,-0.11,-14.7445,-12.2596,-11.2647,-9.7199,-7.9018,-9.9381
199009,-10.15,-3.57,1.63,-10.2419,-8.3435,-8.2462,-5.7746,-3.6646,-6.3411
199010,-6.12,-3.68,0.71,-5.8376,-5.6654,-5.95,0.3428,-1.9827,0.8279
199011,-1.92,-5.55,0.19,9.0134,6.4996,4.8732,7.3945,6.8018,5.1106
199012,6.35,0.36,-3.21,4.1766,3.5771,2.582,3.7425,2.4213,1.907
199101,2.46,0.75,-1.72,9.3665,8.224,7.7034,6.2976,3.2208,4.4883
199102,4.69,3.76,-1.74,11.7002,10.3047,11.3181,7.8526,6.4494,7.1336
199103,7.19,3.96,-0.55,7.7166,5.4299,6.4304,4,1.1707,2.6507
199104,2.65,3.92,-1.32,-0.7201,1.3713,1.6756,-0.247,0.798,0.3108
199105,-0.28,0.49,1.48,4.2784,4.837,2.6278,4.7355,2.7937,5.2501
199106,3.65,-0.35,-0.57,-5.3568,-3.2344,-4.0613,-4.8961,-4.2574,-3.7341
199107,-4.94,0.08,1.23,4.2302,3.5476,3.0175,5.4259,4.0311,4.1339
199108,4.24,-0.93,-1.25,4.4836,3.0776,4.2766,3.3431,1.8379,1.884
199109,2.32,1.59,-0.83,1.2652,0.6045,-0.9996,-2.2095,0.0528,-1.8986
199110,-1.59,1.64,-0.98,3.0763,2.5754,1.8925,1.503,1.661,1.7538
199111,1.29,0.88,-0.47,-4.9224,-3.5998,-5.5273,-2.4938,-4.5263,-5.5962
199112,-4.19,-0.48,-1.85,10.2238,6.6996,7.4145,14.4373,7.6499,9.0233
199201,10.84,-2.26,-4.11,7.5565,7.5297,10.5701,-2.2656,-1.4819,3.9355
199202,-0.59,8.49,4.61,0.7773,2.8588,6.9783,0.3695,0.7476,6.8997
199203,1.09,0.87,6.37,-6.3053,-1.2308,-0.7421,-2.7728,-1.2726,-1.1133
199204,-2.66,-1.04,3.61,-5.495,-2.4674,-1.0333,0.1665,4.9645,4.2393
199205,1.07,-6.12,4.27,-0.664,0.9654,2.4812,0.8801,0.4618,0.241
199206,0.3,0.4,1.25,-6.1501,-3.1992,-2.7607,-2.4919,-1.1594,0.8297
199207,-2.34,-3.1,3.36,2.5834,3.2653,4.0129,4.3443,4.6184,2.1706
199208,3.77,-0.42,-0.37,-4.349,-1.4664,-2.733,-1.1367,-2.1435,-4.88
199209,-2.38,-0.13,-1.06,1.4725,2.5339,1.3674,1.6195,0.8717,1.1567
199210,1.19,0.58,-0.28,4.4138,2.4184,1.742,2.3903,-0.946,1.0396
199211,1.02,2.03,-2.01,9.5703,6.5602,6.7048,4.5783,2.5445,4.6464
199212,4.13,3.69,-1.4,2.5074,3.6978,4.9693,0.6938,2.1006,3.4902
199301,1.53,1.63,2.63,1.2543,4.1339,6.4419,-1.1036,1.455,5.5458
199302,0.93,1.98,5.92,-6.4345,-0.0933,1.0138,-2.2859,4.0993,3.0926
199303,0.12,-3.47,6.41,1.9836,2.7277,3.5919,1.7773,3.061,2.7876
199304,2.3,0.23,1.31,-3.7628,-2.5133,-2.6288,-5.023,-0.7955,-1.1196
199305,-3.05,-0.66,2.52,6.6359,3.3349,3.0447,4.0034,2.3636,0.697
199306,2.89,1.98,-3.45,0.6216,0.5621,1.5266,-1.0185,1.1716,3.5088
199307,0.31,-0.32,2.72,-0.4111,1.529,2.0552,-1.9832,1.3129,1.181
199308,-0.34,0.89,2.82,3.8217,4.8355,3.4029,3.4918,3.9539,4.1644
199309,3.71,0.15,0.13,3.2945,2.3333,2.4627,-0.9616,0.6284,-0.637
199310,-0.12,3.02,-0.25,3.9579,1.6154,2.7665,3.292,-0.1105,-0.9568
199311,1.41,2.04,-2.72,-3.2017,-2.8255,-2.4712,0.0713,-2.6937,-2.2071
199312,-1.89,-1.22,-0.77,2.6718,3.8809,2.5974,1.4335,1.8347,2.2193
199401,1.65,1.22,0.36,1.8652,2.9614,4.9022,2.4287,4.4498,1.6588
199402,2.87,0.4,1.13,-0.9438,0.8857,-1.1403,-1.7696,-3.0739,-4.7446
199403,-2.55,2.8,-1.59,-6.2693,-4.7942,-4.3075,-4.6762,-3.8937,-3.3823
199404,-4.78,-1.14,1.63,-0.8897,0.6659,1.3828,0.6081,1.8348,1.6508
199405,0.68,-0.98,1.66,-2.6743,-1.0263,0.1339,1.4042,1.5042,-0.0926
199406,0.58,-2.13,0.66,-4.7653,-2.3873,-1.7716,-3.1245,-1.8549,-2.6707
199407,-3.03,-0.42,1.72,1.6371,1.077,2.1686,2.876,3.9435,3.4646
199408,2.82,-1.8,0.56,7.3103,4.8406,3.9452,5.2204,2.9645,3.641
199409,4.01,1.42,-2.47,0.6183,-0.2685,-0.0222,-1.443,-3.0447,-4.5385
199410,-2.31,3.12,-1.87,0.4802,0.001,-1.5701,2.0016,2.8745,0.7338
199411,1.34,-2.23,-1.66,-3.9471,-3.1834,-3.6773,-3.2203,-3.5178,-4.8625
199412,-4.04,0.26,-0.69,0.8677,1.655,1.5773,1.524,1.2596,0.4214
199501,0.86,0.3,-0.2,-1.0435,-0.4228,0.8954,2.2018,2.4615,5.3418
199502,1.8,-3.53,2.54,3.4562,3.3119,4.3155,3.8652,3.8933,5.2499
199503,3.63,-0.64,1.12,2.9366,1.7444,1.302,2.9741,3.1957,0.3147
199504,2.19,-0.17,-2.15,1.0279,2.7629,3.2948,2.3426,2.8433,3.4876
199505,2.11,-0.53,1.71,0.8065,1.6383,2.868,3.2691,4.0379,5.6698
199506,2.9,-2.55,2.23,7.7285,4.5712,4.284,3.4567,1.8053,1.9059
199507,2.72,3.14,-2.5,8.0194,4.8207,4.8265,3.796,3.914,3.7288
199508,3.72,2.08,-1.63,2.0756,2.693,3.9922,0.0054,0.903,3.7677
199509,0.55,1.36,2.84,2.3147,1.9864,1.6874,4.4953,3.1983,5.1583
199510,3.35,-2.29,0.02,-5.62,-5.3043,-3.7902,0.316,-1.1378,-2.4331
199511,-1.52,-3.82,-0.46,3.5605,3.3495,3.6421,4.1711,4.6633,5.3046
199512,3.96,-1.2,0.61,2.1161,2.2689,2.2334,0.7506,2.6399,1.2963
199601,1.03,0.64,0.33,0.3392,0.3045,0.6654,3.1137,2.8802,3.2187
199602,2.26,-2.63,0.22,4.908,2.2827,2.8008,1.7308,1.3284,1.5137
199603,1.33,1.81,-1.16,2.54,2.4968,2.6374,0.326,1.9479,0.8468
199604,0.73,1.52,0.31,8.5921,5.1344,4.6284,2.5421,1.7345,-1.6457
199605,2.06,5.24,-4.08,5.9599,4.5148,5.3882,3.4197,0.8151,2.3978
199606,2.36,3.08,-0.8,-6.0973,-2.9863,-2.3297,0.1239,-0.6858,0.8735
199607,-1.14,-3.91,2.26,-13.8071,-6.9015,-5.4108,-5.6342,-3.826,-3.7164
199608,-5.97,-4.31,5.16,7.0961,4.949,4.468,2.1551,3.8089,3.2316
199609,2.77,2.44,-0.78,5.342,2.4751,3.2604,6.6564,4.0515,3.2261
199610,5.01,-0.95,-2.76,-5.2736,-0.2662,0.9927,0.7025,3.8195,4.2844
199611,0.86,-4.45,4.92,1.7306,4.4223,3.9793,7.1773,7.3215,7.8497
199612,6.25,-4.07,1.46,0.4455,2.5148,2.1981,-1.7512,-1.4931,-0.848
199701,-1.7,3.08,1.33,4.1465,3.2155,2.9362,6.5461,4.6449,4.9041
199702,4.98,-1.93,-1.43,-6.4784,-0.7909,1.1822,0.0234,-0.0175,3.7717
199703,-0.49,-3.29,5.7,-8.551,-3.82,-1.8877,-5.3654,-2.4175,-5.161
199704,-5.02,-0.44,3.43,-3.1637,0.602,-0.3909,6.4026,4.053,3.8156
199705,4.04,-5.74,0.09,15.5702,10.2566,8.398,6.8802,5.979,5.8951
199706,6.74,5.16,-4.08,3.2567,5.6097,6.8907,4.3323,3.9166,3.9469
199707,4.1,1.19,1.62,5.1052,5.0658,5.6393,7.6955,8.6569,7.5697
199708,7.33,-2.7,0.2,3.9492,3.4117,3.0696,-5.4839,-3.7303,-2.3583
199709,-4.15,7.33,1.12,8.6898,7.9422,8.2432,5.036,6.101,6.0636
199710,5.35,2.56,0.29,-6.5278,-3.4854,-2.03,-3.2675,-3.268,-3.0983
199711,-3.8,-0.8,2.33,-3.4925,-0.9492,0.4713,5.1074,2.6369,3.6187
199712,2.98,-5.11,1.24,-2.2836,0.64,2.335,1.2117,2.8224,4.6444
199801,1.32,-2.66,4.03,-0.6275,-1.1429,-1.0496,2.558,-1.9875,-0.3207
199802,0.15,-1.02,-1.65,8.4067,7.2827,7.1287,7.0321,8.2627,6.7495
199803,7.04,0.26,-0.78,4.1271,4.9222,4.7082,4.8869,5.0989,7.3878
199804,4.76,-1.21,1.54,0.6786,1.3975,2.0579,0.8497,1.9408,1.2576
199805,0.73,0.03,0.89,-7.3517,-5.162,-2.4733,-2.1801,-2.413,-0.1921
199806,-3.07,-3.4,3.43,0.4272,-0.341,-0.2326,5.5318,1.6903,2.5832
199807,3.18,-3.32,-1.8,-7.8268,-7.3685,-7.3421,-0.8271,-2.167,-4.7234
199808,-2.46,-4.94,-1.71,-24.3957,-18.2519,-18.7678,-13.6349,-18.6107,-12.1388
199809,-16.08,-5.68,3.56,9.0561,5.1004,3.6407,7.8839,3.2651,6.461
199810,6.15,0.06,-3.42,4.4756,3.7677,3.3604,7.9569,8.3062,4.6605
199811,7.13,-3.11,-2.21,8.9652,5.8533,5.6133,7.0562,5.6538,4.0814
199812,6.1,1.21,-3.16,6.6553,3.5183,2.7252,8.2632,2.471,3.7991
199901,6.16,-0.54,-4.2,3.9195,1.9875,1.1433,5.0031,1.1518,-1.546
199902,3.5,0.81,-4.66,-8.9695,-7.1986,-8.4987,-4.4149,-0.9271,-1.074
199903,-4.08,-6.08,1.91,-0.2035,0.9592,-2.7897,4.0252,4.1471,1.0807
199904,3.45,-3.76,-2.77,9.1586,10.6896,9.1189,2.3348,7.6148,7.0628
199905,4.33,3.98,2.34,1.8049,1.0088,3.7925,-2.4832,-1.1268,0.2406
199906,-2.46,3.33,2.36,6.7584,5.7704,6.2928,6.6375,2.4499,0.2958
199907,4.77,3.15,-3.4,-1.191,-0.5617,-1.2438,-2.9848,-3.7718,-3.8829
199908,-3.49,2.55,-0.48,-2.8352,-3.1964,-3.2485,0.0556,-3.3543,-2.9692
199909,-1.38,-1,-1.72,0.4795,-0.2209,-2.8644,-1.764,-5.6756,-5.2525
199910,-2.79,3.36,-3.42,0.6084,-0.4785,-2.5868,6.6762,7.5622,3.5557
199911,6.12,-6.75,-3.16,13.3701,6.3387,4.3309,4.215,-2.795,1.1198
199912,3.37,7.17,-6.07,18.2553,9.0854,6.5634,8.3771,1.0405,3.2767
200001,7.72,7.07,-8.4,1.0652,-1.09,0.5497,-4.832,-3.939,-7.8158
200002,-4.74,5.7,-1.75,27.058,16.0479,13.3588,1.3319,-5.5798,-2.858
200003,2.45,21.19,-8.94,-12.4271,-4.7371,-1.2303,8.5899,10.7687,12.7131
200004,5.2,-16.82,7.66,-14.9087,-6.0813,-4.4343,-4.3047,-0.362,0.0456
200005,-6.4,-6.93,7.41,-8.0316,-5.4717,-4.9404,-3.4615,0.5474,3.4663
200006,-4.42,-6.33,5.01,17.4896,9.3703,8.7014,4.8381,-4.8427,-2.8232
200007,4.64,12.8,-8.22,-7.2209,1.244,1.8833,-3.0493,3.79,4.638
200008,-2.51,-3.16,8.4,8.8249,5.209,6.6358,7.6526,8.0587,6.9052
200009,7.03,-0.65,-1.47,-7.4195,-0.6117,-0.3784,-5.9534,1.6585,1.5662
200010,-5.45,-1.89,7.28,-8.4674,-1.3821,-1.6738,-2.0764,-0.3726,2.543
200011,-2.76,-3.87,5.71,-16.7323,-4.3973,-2.7862,-10.6084,-3.2984,0.5056
200012,-10.72,-3.5,12.53,2.6899,8.9149,8.5936,-0.1868,8.9429,9.2459
200101,1.19,0.73,7.67,12.798,5.2068,6.6313,3.505,1.8418,-0.98
200102,3.13,6.76,-5.33,-12.5233,-0.6908,0.0678,-11.214,-0.8116,1.3505
200103,-10.05,-0.82,12.58,-7.7523,-0.9175,-1.5288,-8.0574,-1.421,-1.2434
200104,-7.26,0.17,6.52,10.3384,5.0245,5.0113,8.9837,4.8477,4.7177
200105,7.94,0.61,-4.8,3.9292,4.6281,6.2971,0.4188,2.1284,4.7252
200106,0.72,2.53,3.34,6.3216,4.7265,3.1359,-2.1996,-1.0429,-1.3252
200107,-1.94,6.25,-1.16,-9.3345,-4.6149,-0.9899,-1.7174,-1.1552,0.6283
200108,-2.13,-4.23,5.35,-7.4266,-2.6588,-1.4748,-6.9075,-3.8959,-8.1933
200109,-6.46,2.48,2.33,-17.1235,-13.3565,-14.0809,-8.1637,-9.5667,-8.0722
200110,-9.25,-6.25,1.57,11.2487,5.5105,4.5462,3.3418,0.5259,-5.2769
200111,2.46,7.57,-7.66,9.0033,7.3724,9.0152,7.9191,6.6955,12.2213
200112,7.54,-0.48,2.16,6.71,6.845,6.8196,0.6766,2.9538,2.3712
200201,1.61,4.79,0.9,-5.1436,0.3014,3.2929,-0.9196,-1.5758,-2.5897
200202,-1.44,1.18,3.38,-8.0636,-1.4642,-1.0042,-2.4102,0.1404,-5.047
200203,-2.29,-1.07,2.21,8.858,7.7091,9.8071,3.5822,5.5601,4.7984
200204,4.24,4.14,1.08,-4.0086,2.3609,4.1595,-7.1057,-0.5427,-7.3559
200205,-5.2,5.84,3.96,-6.6961,-3.6836,-2.6374,-1.3601,0.4038,-2.283
200206,-1.38,-3.26,1.57,-7.139,-3.3065,-2.4228,-7.4412,-5.9674,-12.0681
200207,-7.21,4.2,0.04,-14.7108,-14.474,-15.1297,-6.4594,-8.7265,-13.458
200208,-8.18,-5.22,-3.71,-0.439,0.4082,-0.5989,-0.0985,1.7595,6.5247
200209,0.5,-2.94,3.23,-8.2993,-7.6239,-7.0138,-10.8214,-10.1809,-9.1172
200210,-10.35,2.39,1.49,6.7611,4.5051,0.4796,9.7958,4.3414,7.9308
200211,7.84,-3.44,-4.07,13.2839,8.3393,7.4314,5.3649,5.8235,8.1884
200212,5.96,3.23,-1.51,-8.7294,-4.6781,-3.614,-6.2042,-4.0228,-6.753
200301,-5.76,-0.01,2.28,-2.3872,-2.5654,-1.4036,-2.8465,-1.7926,-5.556
200302,-2.57,1.28,-0.86,-3.9438,-1.9201,-3.7024,-1.4429,-2.3911,-4.353
200303,-1.88,-0.46,-1.33,1.9317,0.439,0.7874,1.5875,0.3559,-1.5677
200304,1.09,0.93,-2.15,11.0906,9.4619,9.2693,7.7715,8.7584,11.3742
200305,8.22,0.64,0.89,13.2327,10.8476,10.1137,5.0192,7.3635,8.3506
200306,6.05,4.49,0.11,2.3168,2.4225,3.7627,1.3202,1.2694,0.6632
200307,1.42,1.75,0.39,8.1366,5.8152,7.0022,1.7643,2.7578,0.7377
200308,2.35,5.23,-1.08,4.9091,4.5722,6.2501,2.123,1.4953,4.0007
200309,2.34,2.7,1.61,-1.587,-2.0315,0.7563,-1.1436,-0.4718,-3.3857
200310,-1.24,0.71,0.05,8.4172,7.8713,10.7388,5.2028,7.1886,6.7165
200311,6.08,2.64,1.92,2.8482,3.7043,4.5443,0.8093,1.6084,2.7125
200312,1.35,1.99,1.8,0.9981,2.6186,2.9225,4.6112,4.3633,5.8513
200401,4.29,-2.76,1.58,3.8913,3.4614,7.1747,1.4557,2.412,3.0719
200402,2.15,2.53,2.45,0.4288,0.9154,0.2911,1.0837,2.2929,2.945
200403,1.4,-1.56,0.86,1.333,0.4056,0.4043,-1.8727,-0.7738,-0.4738
200404,-1.32,1.75,0.24,-3.4577,-3.2102,-6.1284,-0.2108,-3.7231,-3.678
200405,-1.83,-1.73,-3.07,1.0299,1.2501,0.6003,1.2454,1.2598,1.1048
200406,1.17,-0.24,-0.29,3.1132,5.0122,4.4132,1.5071,1.512,2.6755
200407,1.86,2.28,1.23,-9.5732,-5.6346,-5.1925,-4.3582,-2.3218,-2.1789
200408,-4.06,-3.85,3.28,-2.2364,-0.4454,-0.7039,-0.2883,1.4615,0.1089
200409,0.08,-1.56,0.96,5.5689,5.1491,3.5629,0.8375,1.7173,2.7108
200410,1.6,3.01,-0.07,2.7456,1.7379,1.1411,1.5883,1.0352,2.6164
200411,1.43,0.13,-0.29,8.5055,8.5953,8.8189,3.7038,4.799,6.2466
200412,4.54,3.72,1.43,4.3584,2.4963,3.7545,3.5336,3.4966,3.7818
200501,3.43,-0.07,-0.18,-5.3319,-3.3409,-2.6504,-3.0899,-1.3403,-1.7438
200502,-2.76,-1.72,2.01,0.7175,2.0256,2.9266,2.1361,2.0112,3.178
200503,1.89,-0.55,1.63,-4.2202,-2.3627,-1.3505,-1.2858,-2.736,0.1289
200504,-1.97,-1.35,2.14,-6.3059,-6.1153,-5.7497,-1.7194,-2.3536,-2.1842
200505,-2.61,-3.97,0.05,7.391,6.2982,5.6092,3.6716,3.1023,4.1379
200506,3.65,2.8,-0.66,2.6697,4.0809,4.6902,-0.8033,1.7809,2.8246
200507,0.57,2.55,2.82,7.0419,6.8734,5.9049,4.5655,2.5938,4.0499
200508,3.92,2.87,-0.83,-2.2748,-1.1329,-1.1969,-1.2367,-0.8938,0.4553
200509,-1.22,-0.98,1.38,0.3378,0.962,0.1725,0.3725,1.0748,2.0094
200510,0.49,-0.66,0.74,-4.0318,-2.5955,-2.1747,-1.2417,-1.7868,-2.2046
200511,-2.02,-1.19,0.45,5.1316,4.5167,4.0007,4.12,3.7088,2.9214
200512,3.61,0.97,-1.16,0.0067,-0.3549,-0.338,-0.7324,1.3376,0.0837
200601,-0.25,-0.46,0.24,8.6563,9.4367,7.9658,1.8181,3.5579,4.4914
200602,3.04,5.4,0.99,-0.6501,-0.1184,-0.4372,-0.1224,0.8859,-0.8461
200603,-0.3,-0.37,-0.26,4.112,5.1169,5.5837,1.6804,1.0758,1.5746
200604,1.46,3.49,0.68,-0.6242,1.0261,0.8982,0.0178,2.2802,3.2324
200605,0.73,-1.41,2.37,-7.7123,-4.8927,-4.0354,-2.9089,-2.7657,-1.6892
200606,-3.57,-3.09,2.45,-0.7271,0.4246,0.13,-0.1241,0.1837,0.8623
200607,-0.35,-0.36,0.92,-5.9487,-2.7497,-2.1591,-0.798,1.1471,0.7571
200608,-0.78,-3.99,2.67,3.3592,2.5378,2.5885,3.3078,1.9964,0.1095
200609,2.03,1.02,-1.98,1.0637,0.8706,1.2917,2.5206,2.367,2.2156
200610,1.84,-1.29,-0.04,6.0735,5.1917,4.5541,3.3989,2.9588,4.3157
200611,3.23,1.72,-0.3,2.6937,2.824,2.7813,1.8544,2.2065,1.9034
200612,1.71,0.78,0.07,-0.5923,0.7122,1.9964,0.3605,1.9768,3.2042
200701,0.87,-1.14,2.72,2.5951,0.8918,1.9142,1.9164,1.8107,1.2082
200702,1.4,0.16,-0.69,-0.133,0.0331,-0.9855,-1.9653,-1.5514,-1.4477
200703,-1.96,1.29,-0.17,1.6761,1.3108,0.3677,0.8512,1.7826,0.4952
200704,0.68,0.08,-0.83,2.7376,2.0674,1.018,4.8635,3.6629,3.8318
200705,3.49,-2.18,-1.38,4.4694,3.712,3.1462,3.2258,3.9985,3.2828
200706,3.24,0.27,-0.63,-0.5312,-1.1288,-1.6365,-1.1085,-2.3249,-2.1961
200707,-1.96,0.78,-1.1,-4.7684,-5.7666,-7.8022,-1.3825,-4.1554,-5.4442
200708,-3.73,-2.45,-3.55,1.5294,2.3733,-0.7639,1.5802,2.0329,0.0505
200709,0.92,-0.17,-1.91,2.5829,0.9459,0.068,4.9346,2.2918,3.0234
200710,3.22,-2.22,-2.21,3.7573,1.7093,0.4649,3.1449,1.4047,0.6267
200711,1.8,0.25,-2.91,-7.2384,-6.6228,-7.8263,-3.1635,-5.5474,-4.5669
200712,-4.83,-2.8,-1,0.275,-0.6786,-0.8808,-0.4067,-0.8815,-0.4244
200801,-0.87,0.14,-0.59,-8.1573,-6.3103,-4.1252,-7.2026,-4.8206,-3.8885
200802,-6.36,-0.89,3.67,-4.4166,-2.8455,-3.7581,-2.1064,-3.5608,-4.5309
200803,-3.09,-0.27,-0.88,-1.8753,1.16,0.1571,0.6761,-2.5413,-1.0664
200804,-0.93,0.79,0.14,4.9317,3.4505,1.6905,3.7147,6.0786,5.0448
200805,4.6,-1.59,-0.96,5.6027,5.5091,2.9895,2.2706,0.6911,1.9892
200806,1.86,3.05,-1.45,-7.2337,-7.3844,-8.9858,-7.0384,-9.4072,-10.8165
200807,-8.44,1.22,-2.77,2.3858,2.833,4.9116,-1.1354,-3.0059,6.8695
200808,-0.77,2.47,5.27,3.2323,3.867,6.8154,1.4674,1.0466,0.7838
200809,1.53,3.54,1.45,-11.0905,-7.3451,-6.702,-9.7129,-9.9317,-1.9525
200810,-9.24,-1.18,6.07,-21.9799,-19.1871,-20.5428,-15.4528,-17.0767,-21.6237
200811,-17.23,-2.52,-2.37,-11.7438,-10.9588,-14.3837,-6.1321,-6.3831,-16.1028
200812,-7.86,-2.82,-6.31,4.8335,4.4879,5.3874,1.679,1.0772,1.4093
200901,1.74,3.51,0.14,-7.8659,-9.8988,-15.7133,-5.4263,-9.2175,-19.8196
200902,-8.12,0.33,-11.12,-9.6625,-11.1495,-15.0169,-7.957,-11.8853,-16.6633
200903,-10.1,0.23,-7.03,9.2988,10.1362,11.0215,8.3193,8.7256,13.4052
200904,8.95,0,3.4,16.4419,16.2917,17.8966,7.9142,10.4207,16.8748
200905,10.18,5.14,5.21,3.5967,3.0879,2.6312,4.5763,6.1095,6.5247
200906,5.21,-2.63,0.49,5.3139,1.6948,0.8761,0.8949,-0.9846,0.0863
200907,0.43,2.63,-2.62,6.9891,10.1822,13.5005,6.7304,8.2715,9.9683
200908,7.72,1.9,4.87,1.1301,3.0369,8.0271,1.7236,3.9462,9.8335
200909,3.33,-1.1,7.5,6.3897,5.7699,7.354,3.422,4.6454,4.2303
200910,4.08,2.41,0.89,-6.9672,-6.2119,-9.0367,-0.4345,-2.8112,-6.4167
200911,-2.59,-4.18,-4.03,1.8379,1.9126,4.0687,6.6358,4.717,3.899
200912,5.56,-2.48,-0.25,8.5415,7.9996,8.5593,1.9289,3.0892,1.6966
201001,2.75,6.13,-0.11,-3.617,-3.1007,-2.7969,-4.2416,-1.9816,-4.406
201002,-3.36,0.37,0.33,3.4233,3.9894,7.4925,3.0533,2.9212,5.3549
201003,3.4,1.19,3.19,6.9896,8.1227,8.8474,5.2541,6.7623,7.6203
201004,6.31,1.44,2.11,3.7769,6.3884,9.2443,0.8827,2.7127,1.2276
201005,2,4.86,2.91,-6.0499,-7.0417,-10.2881,-7.3798,-8.5047,-7.9214
201006,-7.89,0.14,-2.39,-5.9045,-7.4464,-10.8313,-4.4379,-5.667,-8.5528
201007,-5.57,-1.84,-4.52,6.8004,6.7396,7.1354,6.7238,7.7464,5.6734
201008,6.93,0.18,-0.36,-7.1648,-7.6859,-8.6704,-4.1195,-3.9304,-6.4137
201009,-4.77,-3.02,-1.9,14.0644,12.776,10.8473,10.0743,8.9784,6.8346
201010,9.54,3.93,-3.23,4.3772,4.2258,3.5428,4.5965,3.8366,0.5054
201011,3.88,1.07,-2.46,3.6969,4.146,3.3748,0.5385,0.3756,-1.0367
201012,0.6,3.78,-0.95,7.2866,8.2986,9.3445,4.9484,7.7752,10.176
201101,6.82,0.68,3.64,-0.5043,0.0897,0.3488,2.0475,2.5909,2.8445
201102,1.99,-2.52,0.82,5.1003,5.2704,5.6559,2.5364,4.3367,4.5663
201103,3.49,1.53,1.29,3.3307,2.8854,1.5465,0.1706,1.4033,-1.5654
201104,0.46,2.58,-1.76,3.3034,2.128,1.047,3.7592,2.669,1.1542
201105,2.9,-0.37,-2.43,-1.4952,-1.9996,-3.1959,-0.5681,-1.4126,-2.9772
201106,-1.27,-0.58,-2.05,-1.7997,-2.0735,-1.8569,-1.4314,-1.767,-2.2125
201107,-1.75,-0.11,-0.42,-4.6051,-4.1437,-3.0903,-0.7797,-2.8928,-4.0507
201108,-2.35,-1.37,-0.88,-9.1138,-8.9122,-9.9379,-4.0435,-6.4958,-8.3318
201109,-5.99,-3.03,-2.56,-11.1594,-11.5163,-10.7819,-6.3325,-6.9625,-10.1272
201110,-7.59,-3.35,-1.71,15.7007,15.5368,13.2349,9.859,12.0631,12.579
201111,11.35,3.32,0.13,-1.7641,-0.2957,-0.1996,-0.1171,0.9233,-2.6405
201112,-0.28,-0.14,-0.48,-0.6934,0.738,1.1318,-0.1633,1.9428,1.3766
201201,0.74,-0.66,1.68,8.229,6.8453,5.9586,5.5048,3.2716,5.9712
201202,5.05,2.1,-0.9,3.4066,2.3676,3.0229,4.6722,3.6675,5.9821
201203,4.42,-1.84,0.46,2.3055,2.7993,3.1121,3.7163,1.1954,5.339
201204,3.11,-0.68,1.21,-1.3507,-2.176,-0.8542,-0.5228,-0.1293,-2.5586
201205,-0.85,-0.39,-0.77,-6.4592,-6.3882,-6.1023,-5.5107,-5.9788,-7.955
201206,-6.19,0.16,-1.04,6.003,4.0641,4.9511,2.8912,4.6981,5.0988
201207,3.89,0.78,0.58,-3.1617,-0.8242,-1.5866,1.2556,1.4493,-0.42
201208,0.79,-2.62,-0.05,3.3525,3.2299,3.5067,2.3852,1.8176,4.4746
201209,2.55,0.47,1.12,3.2193,3.6119,3.9937,1.9066,3.1757,4.2603
201210,2.73,0.49,1.56,-3.9397,-1.3566,-0.7774,-2.5489,-1.7615,1.5158
201211,-1.76,-1.09,3.61,0.9349,1.0088,0.7392,1.1476,0.2564,-0.3151
201212,0.78,0.53,-0.83,2.5207,3.3867,4.3748,-0.2373,1.2006,4.9657
201301,1.18,1.45,3.53,6.9549,6.2411,5.936,4.4926,6.0851,7.4655
201302,5.57,0.36,0.98,0.9099,0.7739,1.1745,1.365,1.3817,1.3593
201303,1.29,-0.42,0.13,5.109,4.597,4.412,3.8022,4.0387,4.0375
201304,4.03,0.75,-0.23,-0.8649,-0.9766,-0.0967,1.8308,1.3247,2.1195
201305,1.55,-2.4,0.53,5.0176,5.1752,5.228,1.9617,1.4982,6.9794
201306,2.8,1.66,2.61,-0.3233,0.3273,-0.4499,-1.7594,-0.3529,-1.8091
201307,-1.2,1.16,-0.09,7.3823,7.1798,7.8421,5.6273,4.8999,6.2864
201308,5.65,1.86,0.56,-1.0966,-3.4003,-3.8529,-1.7741,-3.1238,-4.3361
201309,-2.71,0.29,-2.66,6.2946,6.3521,5.6278,4.046,3.1467,2.4148
201310,3.77,2.89,-1.15,1.0958,3.1449,3.9163,4.1881,4.7738,3.7908
201311,4.18,-1.53,1.21,5.0473,3.9986,4.3289,3.3427,1.8125,4.6484
201312,3.13,1.19,0.29,1.8465,2.5795,1.8128,2.1515,3.7563,2.095
201401,2.81,-0.59,-0.05,-0.2301,-4.0284,-3.7361,-3.3419,-3.3945,-3.8691
201402,-3.32,0.87,-2.02,4.055,4.671,5.1006,4.9793,4.7187,3.2128
201403,4.65,0.31,-0.36,-3.4584,1.2758,1.3366,-0.5368,0.7746,4.4614
201404,0.43,-1.85,4.9,-6.4008,-3.0031,-2.8277,0.4105,0.9229,-0.9285
201405,-0.19,-4.21,1.12,-0.7964,0.9635,-0.0125,2.4757,1.9484,1.4443
201406,2.06,-1.9,-0.12,7.1982,4.9874,4.4989,1.6382,2.814,2.9927
201407,2.61,3.08,-0.67,-6.2659,-6.4145,-5.409,-1.4226,-1.5992,-2.2456
201408,-2.04,-4.27,0.02,4.93,4.107,4.5147,4.8387,3.2063,4.4199
201409,4.24,0.36,-0.42,-4.6996,-5.3194,-6.457,-0.9017,-2.4823,-1.897
201410,-1.97,-3.73,-1.38,7.5415,5.9017,5.2246,2.7665,1.5803,1.4864
201411,2.52,4.28,-1.8,1.7753,-0.225,-1.0435,3.6862,2.5672,0.3726
201412,2.55,-2.04,-3.07,2.0818,2.8979,3.2121,-1.3175,0.0679,2.0116
201501,-0.06,2.48,2.23,-2.7861,-4.9202,-5.1018,-1.5879,-3.2891,-6.394
201502,-3.11,-0.51,-3.56,7.5447,6.891,5.0259,6.54,5.926,5.4413
201503,6.14,0.52,-1.81,2.0964,1.7145,1.1062,-1.3946,-1.5333,-1.2259
201504,-1.12,3.02,-0.41,-3.2308,-2.0961,-0.6955,0.2828,1.2929,1.5105
201505,0.59,-3.04,1.88,2.7812,2.7173,0.913,1.2914,1.4754,0.9625
201506,1.36,0.89,-1.1,2.5933,0.2813,0.5615,-1.8479,-1.9665,-1.2902
201507,-1.53,2.85,-0.74,-0.1261,-2.3895,-5.6459,2.9985,1.0151,0.0936
201508,1.54,-4.09,-4.21,-9.0534,-4.6248,-3.322,-6.3413,-5.3707,-6.6183
201509,-6.04,0.44,2.73,-7.6692,-4.6232,-4.857,-2.1574,-2.9847,-4.1813
201510,-3.07,-2.61,0.39,4.6508,6.4338,5.8152,8.0669,8.3651,6.4006
201511,7.75,-1.98,-0.25,5.8397,3.3134,3.7178,0.5054,-0.3144,1.6428
201512,0.56,3.68,-0.49,-4.0162,-4.9244,-6.7274,-1.3675,-2.1571,-3.5611
201601,-2.17,-2.86,-2.45,-13.8546,-7.7671,-6.8934,-5.2517,-5.0138,-8.1841
201602,-5.77,-3.36,2.01,-0.571,0.9129,0.5271,0.0201,0.6167,-2.2649
201603,-0.08,0.83,-0.59,7.8002,7.9217,8.3807,6.5606,6.8798,8.2016
201604,6.96,0.82,1.11,2.5014,1.1823,3.7591,-0.5615,1.1863,4.734
201605,0.92,0.69,3.28,2.2118,1.2688,0.4103,2.0933,1.9306,0.6866
201606,1.78,-0.27,-1.6,0.2218,-0.373,0.0318,-0.0074,0.5889,-2.6237
201607,-0.05,0.64,-1.4,7.1118,5.7401,5.8547,4.9289,2.2394,3.7247
201608,3.95,2.6,-1.23,1.1198,2.6825,3.388,-0.4557,0.3666,3.887
201609,0.5,1.13,3.31,3.1379,1.3683,1.5722,0.4401,-0.0763,-0.4118
201610,0.25,2.04,-1.21,-8.1686,-5.174,-3.0962,-1.963,-2.2918,1.1063
201611,-2.02,-4.43,4.07,8.9908,12.2477,14.8065,1.8983,5.2072,12.5207
201612,4.86,5.47,8.22,-0.4478,2.9277,4.5093,1.4125,1.7753,3.4772
201701,1.82,0.11,3.51,2.0683,-0.0551,-0.6152,3.3351,0.8549,0.3967
201702,1.94,-1.06,-2.81,3.6359,1.0068,0.3284,4.3293,2.6196,4.0512
201703,3.57,-2.01,-1.79,2.2622,0.2134,-0.6746,1.1554,-0.2985,-2.5621
201704,0.17,1.17,-3.33,1.9503,1.4245,0.6614,2.048,0.7038,-0.878
201705,1.09,0.72,-2.11,-1.0768,-1.5784,-3.7965,2.9501,0.0984,-1.6701
201706,1.06,-2.61,-3.67,4.7184,3.0806,3.2822,-0.13,0.5664,4.2085
201707,0.78,2.15,1.45,0.7422,0.6508,0.4732,2.5339,1.6505,2.091
201708,1.87,-1.47,-0.36,-0.5354,-1.9955,-2.4007,1.324,-0.1829,-1.1994
201709,0.16,-1.62,-2.19,5.45,8.3809,8.2861,1.305,2.6494,4.748
201710,2.51,4.47,3.14,0.3554,0.2956,0.9697,3.1935,1.462,2.8194
201711,2.25,-1.95,0.12,2.7215,2.7441,2.6487,3.3056,3.3518,3.1943
201712,3.12,-0.58,-0.09,0.7999,-0.7058,0.0613,0.8725,1.185,1.9534
201801,1.06,-1.29,0.17,3.1325,3.0721,1.7262,6.4717,5.4768,5.2406
201802,5.58,-3.09,-1.32,-3.0383,-3.8737,-3.5542,-2.5602,-4.738,-4.0614
201803,-3.65,0.3,-1.01,1.3168,0.8931,2.0292,-2.3899,-2.1883,-3.334
201804,-2.35,4.05,-0.12,1.2052,1.1551,2.2784,0.626,0.0658,0.5499
201805,0.29,1.13,0.5,7.9726,7.4795,5.8739,3.8816,1.9262,-0.3257
201806,2.65,5.28,-3.15,2.8635,0.3931,0.5913,1.0601,0.5012,-1.2969
201807,0.48,1.19,-2.31,1.3654,2.1574,1.1062,3.2459,3.3655,4.6413
201808,3.19,-2.21,0.57,5.6399,3.3219,2.3348,5.3511,1.6776,0.8216
201809,3.44,1.15,-3.92,-1.8473,-2.6965,-2.7535,0.6518,0.6062,-1.7093
201810,0.06,-2.28,-1.63,-13.3811,-11.5271,-9.1071,-8.1914,-5.9242,-5.5468
201811,-7.68,-4.78,3.46,1.0361,1.9941,0.9152,1.5092,2.2499,2.3098
201812,1.69,-0.71,0.34,-12.1709,-12.0774,-12.6433,-8.2713,-9.6089,-11.5819
